Image,Name,RepoTags
openvino/cvat_server,docker.io/openvino/cvat_server,latest
openvino/cvat_server,docker.io/openvino/cvat_server,v1.2.0
openvino/cvat_server,docker.io/openvino/cvat_server,v1.3.0
openvino/cvat_server,docker.io/openvino/cvat_server,v1.4.0
openvino/cvat_server,docker.io/openvino/cvat_server,v1.5.0
openvino/cvat_server,docker.io/openvino/cvat_server,v1.6.0
openvino/cvat_server,docker.io/openvino/cvat_server,v1.7.0
openvino/cvat_ui,docker.io/openvino/cvat_ui,latest
openvino/cvat_ui,docker.io/openvino/cvat_ui,v1.2.0
openvino/cvat_ui,docker.io/openvino/cvat_ui,v1.3.0
openvino/cvat_ui,docker.io/openvino/cvat_ui,v1.4.0
openvino/cvat_ui,docker.io/openvino/cvat_ui,v1.5.0
openvino/cvat_ui,docker.io/openvino/cvat_ui,v1.6.0
openvino/cvat_ui,docker.io/openvino/cvat_ui,v1.7.0
openvino/workbench,docker.io/openvino/workbench,2019.R2.0.0
openvino/workbench,docker.io/openvino/workbench,2019.R3.0.0
openvino/workbench,docker.io/openvino/workbench,2019.R3.1.0
openvino/workbench,docker.io/openvino/workbench,2020.2
openvino/workbench,docker.io/openvino/workbench,2020.3
openvino/workbench,docker.io/openvino/workbench,2020.4
openvino/workbench,docker.io/openvino/workbench,2020.R1.0.0
openvino/workbench,docker.io/openvino/workbench,2021.1
openvino/workbench,docker.io/openvino/workbench,2021.2
openvino/workbench,docker.io/openvino/workbench,2021.3
openvino/workbench,docker.io/openvino/workbench,2021.4
openvino/workbench,docker.io/openvino/workbench,2021.4.0.1
openvino/workbench,docker.io/openvino/workbench,2021.4.0.2
openvino/workbench,docker.io/openvino/workbench,2021.4.1
openvino/workbench,docker.io/openvino/workbench,2021.4.1.1
openvino/workbench,docker.io/openvino/workbench,2021.4.1.2
openvino/workbench,docker.io/openvino/workbench,2021.4.2
openvino/workbench,docker.io/openvino/workbench,latest
openvino/ubuntu18_runtime,docker.io/openvino/ubuntu18_runtime,2019_R3.1
openvino/ubuntu18_runtime,docker.io/openvino/ubuntu18_runtime,2020.1
openvino/ubuntu18_runtime,docker.io/openvino/ubuntu18_runtime,2020.2
openvino/ubuntu18_runtime,docker.io/openvino/ubuntu18_runtime,2020.3
openvino/ubuntu18_runtime,docker.io/openvino/ubuntu18_runtime,2020.3.1
openvino/ubuntu18_runtime,docker.io/openvino/ubuntu18_runtime,2020.3.2
openvino/ubuntu18_runtime,docker.io/openvino/ubuntu18_runtime,2020.3.2_src
openvino/ubuntu18_runtime,docker.io/openvino/ubuntu18_runtime,2020.4
openvino/ubuntu18_runtime,docker.io/openvino/ubuntu18_runtime,2021.1
openvino/ubuntu18_runtime,docker.io/openvino/ubuntu18_runtime,2021.2
openvino/ubuntu18_runtime,docker.io/openvino/ubuntu18_runtime,2021.3
openvino/ubuntu18_runtime,docker.io/openvino/ubuntu18_runtime,2021.3_src
openvino/ubuntu18_runtime,docker.io/openvino/ubuntu18_runtime,2021.4
openvino/ubuntu18_runtime,docker.io/openvino/ubuntu18_runtime,2021.4.1
openvino/ubuntu18_runtime,docker.io/openvino/ubuntu18_runtime,2021.4.1_20210512
openvino/ubuntu18_runtime,docker.io/openvino/ubuntu18_runtime,2021.4.1_src
openvino/ubuntu18_runtime,docker.io/openvino/ubuntu18_runtime,2021.4.2
openvino/ubuntu18_runtime,docker.io/openvino/ubuntu18_runtime,2021.4.2_20210512
openvino/ubuntu18_runtime,docker.io/openvino/ubuntu18_runtime,2021.4.2_src
openvino/ubuntu18_runtime,docker.io/openvino/ubuntu18_runtime,2021.4_src
openvino/ubuntu18_runtime,docker.io/openvino/ubuntu18_runtime,2021.4_tgl
openvino/ubuntu18_runtime,docker.io/openvino/ubuntu18_runtime,latest
llnl/merlin,docker.io/llnl/merlin,1.2.3
llnl/merlin,docker.io/llnl/merlin,1.3.0
llnl/merlin,docker.io/llnl/merlin,1.4.0
llnl/merlin,docker.io/llnl/merlin,1.5.3
llnl/merlin,docker.io/llnl/merlin,1.6.2
llnl/merlin,docker.io/llnl/merlin,1.7.4
llnl/merlin,docker.io/llnl/merlin,1.7.9
llnl/merlin,docker.io/llnl/merlin,latest
kitware/diva,docker.io/kitware/diva,latest
vanvalenlab/deepcell-tf,docker.io/vanvalenlab/deepcell-tf,0.1
vanvalenlab/deepcell-tf,docker.io/vanvalenlab/deepcell-tf,0.1.0
vanvalenlab/deepcell-tf,docker.io/vanvalenlab/deepcell-tf,0.1.0-gpu
vanvalenlab/deepcell-tf,docker.io/vanvalenlab/deepcell-tf,0.10.0
vanvalenlab/deepcell-tf,docker.io/vanvalenlab/deepcell-tf,0.10.0-gpu
vanvalenlab/deepcell-tf,docker.io/vanvalenlab/deepcell-tf,0.10.0-rc.2
vanvalenlab/deepcell-tf,docker.io/vanvalenlab/deepcell-tf,0.10.0-rc.2-gpu
vanvalenlab/deepcell-tf,docker.io/vanvalenlab/deepcell-tf,0.10.0-rc.3
vanvalenlab/deepcell-tf,docker.io/vanvalenlab/deepcell-tf,0.10.0-rc.3-gpu
vanvalenlab/deepcell-tf,docker.io/vanvalenlab/deepcell-tf,0.10.1
vanvalenlab/deepcell-tf,docker.io/vanvalenlab/deepcell-tf,0.10.1-gpu
vanvalenlab/deepcell-tf,docker.io/vanvalenlab/deepcell-tf,0.10.2
vanvalenlab/deepcell-tf,docker.io/vanvalenlab/deepcell-tf,0.10.2-gpu
vanvalenlab/deepcell-tf,docker.io/vanvalenlab/deepcell-tf,0.11.0
vanvalenlab/deepcell-tf,docker.io/vanvalenlab/deepcell-tf,0.11.0-gpu
vanvalenlab/deepcell-tf,docker.io/vanvalenlab/deepcell-tf,0.11.0-rc1
vanvalenlab/deepcell-tf,docker.io/vanvalenlab/deepcell-tf,0.11.0-rc1-gpu
vanvalenlab/deepcell-tf,docker.io/vanvalenlab/deepcell-tf,0.2.0
vanvalenlab/deepcell-tf,docker.io/vanvalenlab/deepcell-tf,0.2.0-gpu
vanvalenlab/deepcell-tf,docker.io/vanvalenlab/deepcell-tf,0.3.0
vanvalenlab/deepcell-tf,docker.io/vanvalenlab/deepcell-tf,0.3.0-gpu
vanvalenlab/deepcell-tf,docker.io/vanvalenlab/deepcell-tf,0.4.0
vanvalenlab/deepcell-tf,docker.io/vanvalenlab/deepcell-tf,0.4.0-gpu
vanvalenlab/deepcell-tf,docker.io/vanvalenlab/deepcell-tf,0.5.0
vanvalenlab/deepcell-tf,docker.io/vanvalenlab/deepcell-tf,0.5.0-gpu
vanvalenlab/deepcell-tf,docker.io/vanvalenlab/deepcell-tf,0.6.0
vanvalenlab/deepcell-tf,docker.io/vanvalenlab/deepcell-tf,0.6.0-gpu
vanvalenlab/deepcell-tf,docker.io/vanvalenlab/deepcell-tf,0.7.0
vanvalenlab/deepcell-tf,docker.io/vanvalenlab/deepcell-tf,0.7.0-gpu
vanvalenlab/deepcell-tf,docker.io/vanvalenlab/deepcell-tf,0.8.1
vanvalenlab/deepcell-tf,docker.io/vanvalenlab/deepcell-tf,0.8.1-gpu
vanvalenlab/deepcell-tf,docker.io/vanvalenlab/deepcell-tf,0.8.2
vanvalenlab/deepcell-tf,docker.io/vanvalenlab/deepcell-tf,0.8.2-gpu
vanvalenlab/deepcell-tf,docker.io/vanvalenlab/deepcell-tf,0.8.3
vanvalenlab/deepcell-tf,docker.io/vanvalenlab/deepcell-tf,0.8.3-gpu
vanvalenlab/deepcell-tf,docker.io/vanvalenlab/deepcell-tf,0.8.4
vanvalenlab/deepcell-tf,docker.io/vanvalenlab/deepcell-tf,0.8.4-gpu
vanvalenlab/deepcell-tf,docker.io/vanvalenlab/deepcell-tf,0.8.5
vanvalenlab/deepcell-tf,docker.io/vanvalenlab/deepcell-tf,0.8.5-gpu
vanvalenlab/deepcell-tf,docker.io/vanvalenlab/deepcell-tf,0.8.6
vanvalenlab/deepcell-tf,docker.io/vanvalenlab/deepcell-tf,0.8.6-gpu
vanvalenlab/deepcell-tf,docker.io/vanvalenlab/deepcell-tf,0.8.7
vanvalenlab/deepcell-tf,docker.io/vanvalenlab/deepcell-tf,0.8.7-gpu
vanvalenlab/deepcell-tf,docker.io/vanvalenlab/deepcell-tf,0.8.8
vanvalenlab/deepcell-tf,docker.io/vanvalenlab/deepcell-tf,0.8.8-gpu
vanvalenlab/deepcell-tf,docker.io/vanvalenlab/deepcell-tf,0.9.0
vanvalenlab/deepcell-tf,docker.io/vanvalenlab/deepcell-tf,0.9.0-gpu
vanvalenlab/deepcell-tf,docker.io/vanvalenlab/deepcell-tf,0.9.1
vanvalenlab/deepcell-tf,docker.io/vanvalenlab/deepcell-tf,0.9.1-gpu
vanvalenlab/deepcell-tf,docker.io/vanvalenlab/deepcell-tf,0.9.2
vanvalenlab/deepcell-tf,docker.io/vanvalenlab/deepcell-tf,0.9.2-gpu
vanvalenlab/deepcell-tf,docker.io/vanvalenlab/deepcell-tf,latest
vanvalenlab/deepcell-tf,docker.io/vanvalenlab/deepcell-tf,latest-gpu
tnarik/malmo,docker.io/tnarik/malmo,0.1
tnarik/malmo,docker.io/tnarik/malmo,0.2
tnarik/malmo,docker.io/tnarik/malmo,0.3
tnarik/malmo,docker.io/tnarik/malmo,from_source
tnarik/malmo,docker.io/tnarik/malmo,latest
nvidia/digits,docker.io/nvidia/digits,3.0
nvidia/digits,docker.io/nvidia/digits,3.3
nvidia/digits,docker.io/nvidia/digits,4.0
nvidia/digits,docker.io/nvidia/digits,5.0
nvidia/digits,docker.io/nvidia/digits,6.0
nvidia/digits,docker.io/nvidia/digits,latest
rlworkgroup/garage,docker.io/rlworkgroup/garage,2021.03.0
rlworkgroup/garage,docker.io/rlworkgroup/garage,latest
borispolonsky/vizdoom-pytorch,docker.io/borispolonsky/vizdoom-pytorch,latest
deepspeed/deepspeed,docker.io/deepspeed/deepspeed,0.2_torch12
deepspeed/deepspeed,docker.io/deepspeed/deepspeed,0.2_torch12_no_user
deepspeed/deepspeed,docker.io/deepspeed/deepspeed,0.2_torch15_cuda101_no_user
deepspeed/deepspeed,docker.io/deepspeed/deepspeed,1023
deepspeed/deepspeed,docker.io/deepspeed/deepspeed,1072
deepspeed/deepspeed,docker.io/deepspeed/deepspeed,1078
deepspeed/deepspeed,docker.io/deepspeed/deepspeed,1088
deepspeed/deepspeed,docker.io/deepspeed/deepspeed,1095
deepspeed/deepspeed,docker.io/deepspeed/deepspeed,1106
deepspeed/deepspeed,docker.io/deepspeed/deepspeed,1116
deepspeed/deepspeed,docker.io/deepspeed/deepspeed,1123
deepspeed/deepspeed,docker.io/deepspeed/deepspeed,1130
deepspeed/deepspeed,docker.io/deepspeed/deepspeed,1136
deepspeed/deepspeed,docker.io/deepspeed/deepspeed,1139
deepspeed/deepspeed,docker.io/deepspeed/deepspeed,1148
deepspeed/deepspeed,docker.io/deepspeed/deepspeed,1169
deepspeed/deepspeed,docker.io/deepspeed/deepspeed,1191
deepspeed/deepspeed,docker.io/deepspeed/deepspeed,1207
deepspeed/deepspeed,docker.io/deepspeed/deepspeed,1219
deepspeed/deepspeed,docker.io/deepspeed/deepspeed,1226
deepspeed/deepspeed,docker.io/deepspeed/deepspeed,1250
deepspeed/deepspeed,docker.io/deepspeed/deepspeed,1267
deepspeed/deepspeed,docker.io/deepspeed/deepspeed,1308
deepspeed/deepspeed,docker.io/deepspeed/deepspeed,1314
deepspeed/deepspeed,docker.io/deepspeed/deepspeed,1316
deepspeed/deepspeed,docker.io/deepspeed/deepspeed,1320
deepspeed/deepspeed,docker.io/deepspeed/deepspeed,1324
deepspeed/deepspeed,docker.io/deepspeed/deepspeed,1332
deepspeed/deepspeed,docker.io/deepspeed/deepspeed,1336
deepspeed/deepspeed,docker.io/deepspeed/deepspeed,1343
deepspeed/deepspeed,docker.io/deepspeed/deepspeed,1345
deepspeed/deepspeed,docker.io/deepspeed/deepspeed,1371
deepspeed/deepspeed,docker.io/deepspeed/deepspeed,1375
deepspeed/deepspeed,docker.io/deepspeed/deepspeed,1387
deepspeed/deepspeed,docker.io/deepspeed/deepspeed,1390
deepspeed/deepspeed,docker.io/deepspeed/deepspeed,1393
deepspeed/deepspeed,docker.io/deepspeed/deepspeed,1397
deepspeed/deepspeed,docker.io/deepspeed/deepspeed,1404
deepspeed/deepspeed,docker.io/deepspeed/deepspeed,1409
deepspeed/deepspeed,docker.io/deepspeed/deepspeed,1417
deepspeed/deepspeed,docker.io/deepspeed/deepspeed,1454
deepspeed/deepspeed,docker.io/deepspeed/deepspeed,1476
deepspeed/deepspeed,docker.io/deepspeed/deepspeed,1484
deepspeed/deepspeed,docker.io/deepspeed/deepspeed,1489
deepspeed/deepspeed,docker.io/deepspeed/deepspeed,1494
deepspeed/deepspeed,docker.io/deepspeed/deepspeed,1505
deepspeed/deepspeed,docker.io/deepspeed/deepspeed,1508
deepspeed/deepspeed,docker.io/deepspeed/deepspeed,1515
deepspeed/deepspeed,docker.io/deepspeed/deepspeed,1521
deepspeed/deepspeed,docker.io/deepspeed/deepspeed,1542
deepspeed/deepspeed,docker.io/deepspeed/deepspeed,1549
deepspeed/deepspeed,docker.io/deepspeed/deepspeed,1568
deepspeed/deepspeed,docker.io/deepspeed/deepspeed,1578
deepspeed/deepspeed,docker.io/deepspeed/deepspeed,158
deepspeed/deepspeed,docker.io/deepspeed/deepspeed,1584
deepspeed/deepspeed,docker.io/deepspeed/deepspeed,1605
deepspeed/deepspeed,docker.io/deepspeed/deepspeed,1617
deepspeed/deepspeed,docker.io/deepspeed/deepspeed,1624
deepspeed/deepspeed,docker.io/deepspeed/deepspeed,164
deepspeed/deepspeed,docker.io/deepspeed/deepspeed,1641
deepspeed/deepspeed,docker.io/deepspeed/deepspeed,1648
deepspeed/deepspeed,docker.io/deepspeed/deepspeed,1670
deepspeed/deepspeed,docker.io/deepspeed/deepspeed,1680
deepspeed/deepspeed,docker.io/deepspeed/deepspeed,1690
deepspeed/deepspeed,docker.io/deepspeed/deepspeed,1703
deepspeed/deepspeed,docker.io/deepspeed/deepspeed,1707
deepspeed/deepspeed,docker.io/deepspeed/deepspeed,1713
deepspeed/deepspeed,docker.io/deepspeed/deepspeed,173
deepspeed/deepspeed,docker.io/deepspeed/deepspeed,1734
deepspeed/deepspeed,docker.io/deepspeed/deepspeed,1743
deepspeed/deepspeed,docker.io/deepspeed/deepspeed,1752
deepspeed/deepspeed,docker.io/deepspeed/deepspeed,1797
deepspeed/deepspeed,docker.io/deepspeed/deepspeed,1816
deepspeed/deepspeed,docker.io/deepspeed/deepspeed,182
deepspeed/deepspeed,docker.io/deepspeed/deepspeed,1830
deepspeed/deepspeed,docker.io/deepspeed/deepspeed,1840
deepspeed/deepspeed,docker.io/deepspeed/deepspeed,1863
deepspeed/deepspeed,docker.io/deepspeed/deepspeed,1872
deepspeed/deepspeed,docker.io/deepspeed/deepspeed,1882
deepspeed/deepspeed,docker.io/deepspeed/deepspeed,1891
deepspeed/deepspeed,docker.io/deepspeed/deepspeed,1897
deepspeed/deepspeed,docker.io/deepspeed/deepspeed,190
deepspeed/deepspeed,docker.io/deepspeed/deepspeed,1925
deepspeed/deepspeed,docker.io/deepspeed/deepspeed,193
deepspeed/deepspeed,docker.io/deepspeed/deepspeed,2014
deepspeed/deepspeed,docker.io/deepspeed/deepspeed,2040
deepspeed/deepspeed,docker.io/deepspeed/deepspeed,209
deepspeed/deepspeed,docker.io/deepspeed/deepspeed,2127
deepspeed/deepspeed,docker.io/deepspeed/deepspeed,2128
deepspeed/deepspeed,docker.io/deepspeed/deepspeed,2130
deepspeed/deepspeed,docker.io/deepspeed/deepspeed,2133
deepspeed/deepspeed,docker.io/deepspeed/deepspeed,2134
deepspeed/deepspeed,docker.io/deepspeed/deepspeed,2150
deepspeed/deepspeed,docker.io/deepspeed/deepspeed,2211
deepspeed/deepspeed,docker.io/deepspeed/deepspeed,2219
deepspeed/deepspeed,docker.io/deepspeed/deepspeed,2238
deepspeed/deepspeed,docker.io/deepspeed/deepspeed,226
deepspeed/deepspeed,docker.io/deepspeed/deepspeed,2295
deepspeed/deepspeed,docker.io/deepspeed/deepspeed,2326
deepspeed/deepspeed,docker.io/deepspeed/deepspeed,233
deepspeed/deepspeed,docker.io/deepspeed/deepspeed,236
deepspeed/deepspeed,docker.io/deepspeed/deepspeed,240
deepspeed/deepspeed,docker.io/deepspeed/deepspeed,2400
deepspeed/deepspeed,docker.io/deepspeed/deepspeed,2405
deepspeed/deepspeed,docker.io/deepspeed/deepspeed,2436
deepspeed/deepspeed,docker.io/deepspeed/deepspeed,2443
deepspeed/deepspeed,docker.io/deepspeed/deepspeed,245
deepspeed/deepspeed,docker.io/deepspeed/deepspeed,249
deepspeed/deepspeed,docker.io/deepspeed/deepspeed,253
deepspeed/deepspeed,docker.io/deepspeed/deepspeed,2620
deepspeed/deepspeed,docker.io/deepspeed/deepspeed,272
deepspeed/deepspeed,docker.io/deepspeed/deepspeed,2752
deepspeed/deepspeed,docker.io/deepspeed/deepspeed,2754
deepspeed/deepspeed,docker.io/deepspeed/deepspeed,2755
deepspeed/deepspeed,docker.io/deepspeed/deepspeed,2757
deepspeed/deepspeed,docker.io/deepspeed/deepspeed,2760
deepspeed/deepspeed,docker.io/deepspeed/deepspeed,2761
deepspeed/deepspeed,docker.io/deepspeed/deepspeed,2762
deepspeed/deepspeed,docker.io/deepspeed/deepspeed,2764
deepspeed/deepspeed,docker.io/deepspeed/deepspeed,2767
deepspeed/deepspeed,docker.io/deepspeed/deepspeed,2779
deepspeed/deepspeed,docker.io/deepspeed/deepspeed,2784
deepspeed/deepspeed,docker.io/deepspeed/deepspeed,2791
deepspeed/deepspeed,docker.io/deepspeed/deepspeed,2797
deepspeed/deepspeed,docker.io/deepspeed/deepspeed,2822
deepspeed/deepspeed,docker.io/deepspeed/deepspeed,2830
deepspeed/deepspeed,docker.io/deepspeed/deepspeed,2835
deepspeed/deepspeed,docker.io/deepspeed/deepspeed,2844
deepspeed/deepspeed,docker.io/deepspeed/deepspeed,285
deepspeed/deepspeed,docker.io/deepspeed/deepspeed,2859
deepspeed/deepspeed,docker.io/deepspeed/deepspeed,2861
deepspeed/deepspeed,docker.io/deepspeed/deepspeed,2870
deepspeed/deepspeed,docker.io/deepspeed/deepspeed,2874
deepspeed/deepspeed,docker.io/deepspeed/deepspeed,2877
deepspeed/deepspeed,docker.io/deepspeed/deepspeed,2884
deepspeed/deepspeed,docker.io/deepspeed/deepspeed,2895
deepspeed/deepspeed,docker.io/deepspeed/deepspeed,2899
deepspeed/deepspeed,docker.io/deepspeed/deepspeed,2911
deepspeed/deepspeed,docker.io/deepspeed/deepspeed,2925
deepspeed/deepspeed,docker.io/deepspeed/deepspeed,2931
deepspeed/deepspeed,docker.io/deepspeed/deepspeed,2948
deepspeed/deepspeed,docker.io/deepspeed/deepspeed,2960
deepspeed/deepspeed,docker.io/deepspeed/deepspeed,2962
deepspeed/deepspeed,docker.io/deepspeed/deepspeed,2964
deepspeed/deepspeed,docker.io/deepspeed/deepspeed,297
deepspeed/deepspeed,docker.io/deepspeed/deepspeed,2970
deepspeed/deepspeed,docker.io/deepspeed/deepspeed,2973
deepspeed/deepspeed,docker.io/deepspeed/deepspeed,2984
deepspeed/deepspeed,docker.io/deepspeed/deepspeed,3025
deepspeed/deepspeed,docker.io/deepspeed/deepspeed,303
deepspeed/deepspeed,docker.io/deepspeed/deepspeed,3049
deepspeed/deepspeed,docker.io/deepspeed/deepspeed,3072
deepspeed/deepspeed,docker.io/deepspeed/deepspeed,328
deepspeed/deepspeed,docker.io/deepspeed/deepspeed,340
deepspeed/deepspeed,docker.io/deepspeed/deepspeed,354
deepspeed/deepspeed,docker.io/deepspeed/deepspeed,364
deepspeed/deepspeed,docker.io/deepspeed/deepspeed,370
deepspeed/deepspeed,docker.io/deepspeed/deepspeed,384
deepspeed/deepspeed,docker.io/deepspeed/deepspeed,390
deepspeed/deepspeed,docker.io/deepspeed/deepspeed,402
deepspeed/deepspeed,docker.io/deepspeed/deepspeed,408
deepspeed/deepspeed,docker.io/deepspeed/deepspeed,416
deepspeed/deepspeed,docker.io/deepspeed/deepspeed,420
deepspeed/deepspeed,docker.io/deepspeed/deepspeed,428
deepspeed/deepspeed,docker.io/deepspeed/deepspeed,431
deepspeed/deepspeed,docker.io/deepspeed/deepspeed,435
deepspeed/deepspeed,docker.io/deepspeed/deepspeed,441
deepspeed/deepspeed,docker.io/deepspeed/deepspeed,446
deepspeed/deepspeed,docker.io/deepspeed/deepspeed,450
deepspeed/deepspeed,docker.io/deepspeed/deepspeed,455
deepspeed/deepspeed,docker.io/deepspeed/deepspeed,477
deepspeed/deepspeed,docker.io/deepspeed/deepspeed,482
deepspeed/deepspeed,docker.io/deepspeed/deepspeed,491
deepspeed/deepspeed,docker.io/deepspeed/deepspeed,527
deepspeed/deepspeed,docker.io/deepspeed/deepspeed,539
deepspeed/deepspeed,docker.io/deepspeed/deepspeed,546
deepspeed/deepspeed,docker.io/deepspeed/deepspeed,551
deepspeed/deepspeed,docker.io/deepspeed/deepspeed,556
deepspeed/deepspeed,docker.io/deepspeed/deepspeed,565
deepspeed/deepspeed,docker.io/deepspeed/deepspeed,570
deepspeed/deepspeed,docker.io/deepspeed/deepspeed,573
deepspeed/deepspeed,docker.io/deepspeed/deepspeed,582
deepspeed/deepspeed,docker.io/deepspeed/deepspeed,588
deepspeed/deepspeed,docker.io/deepspeed/deepspeed,593
deepspeed/deepspeed,docker.io/deepspeed/deepspeed,603
deepspeed/deepspeed,docker.io/deepspeed/deepspeed,616
deepspeed/deepspeed,docker.io/deepspeed/deepspeed,622
deepspeed/deepspeed,docker.io/deepspeed/deepspeed,627
deepspeed/deepspeed,docker.io/deepspeed/deepspeed,631
deepspeed/deepspeed,docker.io/deepspeed/deepspeed,642
deepspeed/deepspeed,docker.io/deepspeed/deepspeed,647
deepspeed/deepspeed,docker.io/deepspeed/deepspeed,656
deepspeed/deepspeed,docker.io/deepspeed/deepspeed,675
deepspeed/deepspeed,docker.io/deepspeed/deepspeed,693
deepspeed/deepspeed,docker.io/deepspeed/deepspeed,699
deepspeed/deepspeed,docker.io/deepspeed/deepspeed,739
deepspeed/deepspeed,docker.io/deepspeed/deepspeed,760
deepspeed/deepspeed,docker.io/deepspeed/deepspeed,940
deepspeed/deepspeed,docker.io/deepspeed/deepspeed,975
deepspeed/deepspeed,docker.io/deepspeed/deepspeed,aml_master_torch.1.2.0_cuda10
deepspeed/deepspeed,docker.io/deepspeed/deepspeed,aml_master_torch.1.5.0_cuda10.1
deepspeed/deepspeed,docker.io/deepspeed/deepspeed,base_cuda10
deepspeed/deepspeed,docker.io/deepspeed/deepspeed,base_cuda101
deepspeed/deepspeed,docker.io/deepspeed/deepspeed,base_cuda102
deepspeed/deepspeed,docker.io/deepspeed/deepspeed,dlts_base_torch.1.5.0_cuda10.1
deepspeed/deepspeed,docker.io/deepspeed/deepspeed,latest
deepspeed/deepspeed,docker.io/deepspeed/deepspeed,latest-torch170
deepspeed/deepspeed,docker.io/deepspeed/deepspeed,latest-torch170-cuda110
deepspeed/deepspeed,docker.io/deepspeed/deepspeed,latest_cu102
deepspeed/deepspeed,docker.io/deepspeed/deepspeed,mvapich2.3.4_torch1.2_cuda10.0
deepspeed/deepspeed,docker.io/deepspeed/deepspeed,mvapich_torch1.2_cuda10.0
deepspeed/deepspeed,docker.io/deepspeed/deepspeed,simple_torch1.6_cuda11.0
deepspeed/deepspeed,docker.io/deepspeed/deepspeed,torch12
deepspeed/deepspeed,docker.io/deepspeed/deepspeed,torch12_cuda10
deepspeed/deepspeed,docker.io/deepspeed/deepspeed,torch150_cuda101
deepspeed/deepspeed,docker.io/deepspeed/deepspeed,torch150_cuda102
deepspeed/deepspeed,docker.io/deepspeed/deepspeed,v031_torch14_cuda101
deepspeed/deepspeed,docker.io/deepspeed/deepspeed,v031_torch15_cuda101
deepspeed/deepspeed,docker.io/deepspeed/deepspeed,v031_torch17_cuda11
deepspeed/deepspeed,docker.io/deepspeed/deepspeed,v031_torch17_cuda11_apex
deepspeed/deepspeed,docker.io/deepspeed/deepspeed,v034-jitops-torch170-cuda11
k4yt3x/video2x,docker.io/k4yt3x/video2x,4.6.0
k4yt3x/video2x,docker.io/k4yt3x/video2x,latest
allegroai/clearml-agent,docker.io/allegroai/clearml-agent,latest
reiinakano/xcessiv,docker.io/reiinakano/xcessiv,docker
reiinakano/xcessiv,docker.io/reiinakano/xcessiv,latest
blazingdb/blazingsql,docker.io/blazingdb/blazingsql,cuda10.0
blazingdb/blazingsql,docker.io/blazingdb/blazingsql,cuda10.0-py3.6
blazingdb/blazingsql,docker.io/blazingdb/blazingsql,cuda10.0-py3.7
blazingdb/blazingsql,docker.io/blazingdb/blazingsql,cuda10.1-py3.6
blazingdb/blazingsql,docker.io/blazingdb/blazingsql,cuda10.1-py3.7
blazingdb/blazingsql,docker.io/blazingdb/blazingsql,cuda10.1-py3.8
blazingdb/blazingsql,docker.io/blazingdb/blazingsql,cuda10.2-py3.6
blazingdb/blazingsql,docker.io/blazingdb/blazingsql,cuda10.2-py3.7
blazingdb/blazingsql,docker.io/blazingdb/blazingsql,cuda10.2-py3.8
blazingdb/blazingsql,docker.io/blazingdb/blazingsql,cuda11.0-py3.7
blazingdb/blazingsql,docker.io/blazingdb/blazingsql,cuda11.0-py3.8
blazingdb/blazingsql,docker.io/blazingdb/blazingsql,cuda11.2-py3.7
blazingdb/blazingsql,docker.io/blazingdb/blazingsql,cuda11.2-py3.8
blazingdb/blazingsql,docker.io/blazingdb/blazingsql,cuda11.2.0-py3.7
blazingdb/blazingsql,docker.io/blazingdb/blazingsql,cuda11.2.0-py3.8
blazingdb/blazingsql,docker.io/blazingdb/blazingsql,cuda11.4-py3.7
blazingdb/blazingsql,docker.io/blazingdb/blazingsql,cuda11.4-py3.8
blazingdb/blazingsql,docker.io/blazingdb/blazingsql,cuda9.2
blazingdb/blazingsql,docker.io/blazingdb/blazingsql,cuda9.2-py3.6
blazingdb/blazingsql,docker.io/blazingdb/blazingsql,cuda9.2-py3.7
blazingdb/blazingsql,docker.io/blazingdb/blazingsql,dask-gw
blazingdb/blazingsql,docker.io/blazingdb/blazingsql,dask-gw-srv
blazingdb/blazingsql,docker.io/blazingdb/blazingsql,demo_kdd
blazingdb/blazingsql,docker.io/blazingdb/blazingsql,gtc19v02
blazingdb/blazingsql,docker.io/blazingdb/blazingsql,gtc2019
blazingdb/blazingsql,docker.io/blazingdb/blazingsql,jhub
blazingdb/blazingsql,docker.io/blazingdb/blazingsql,latest
blazingdb/blazingsql,docker.io/blazingdb/blazingsql,lite
blazingdb/blazingsql,docker.io/blazingdb/blazingsql,netflowdemo
blazingdb/blazingsql,docker.io/blazingdb/blazingsql,test
blazingdb/blazingsql,docker.io/blazingdb/blazingsql,v0.3.2
blazingdb/blazingsql,docker.io/blazingdb/blazingsql,v0.3.3
blazingdb/blazingsql,docker.io/blazingdb/blazingsql,v0.3.4
blazingdb/blazingsql,docker.io/blazingdb/blazingsql,v0.3.5
blazingdb/blazingsql,docker.io/blazingdb/blazingsql,v0.4.0
jolibrain/deepdetect_cpu,docker.io/jolibrain/deepdetect_cpu,ci-master
jolibrain/deepdetect_cpu,docker.io/jolibrain/deepdetect_cpu,latest
jolibrain/deepdetect_cpu,docker.io/jolibrain/deepdetect_cpu,v0.10.1
jolibrain/deepdetect_cpu,docker.io/jolibrain/deepdetect_cpu,v0.11.0
jolibrain/deepdetect_cpu,docker.io/jolibrain/deepdetect_cpu,v0.12.0
jolibrain/deepdetect_cpu,docker.io/jolibrain/deepdetect_cpu,v0.13.0
jolibrain/deepdetect_cpu,docker.io/jolibrain/deepdetect_cpu,v0.14.0
jolibrain/deepdetect_cpu,docker.io/jolibrain/deepdetect_cpu,v0.15.0
jolibrain/deepdetect_cpu,docker.io/jolibrain/deepdetect_cpu,v0.16.0
jolibrain/deepdetect_cpu,docker.io/jolibrain/deepdetect_cpu,v0.17.0
jolibrain/deepdetect_cpu,docker.io/jolibrain/deepdetect_cpu,v0.18.0
jolibrain/deepdetect_cpu,docker.io/jolibrain/deepdetect_cpu,v0.19.0
jolibrain/deepdetect_cpu,docker.io/jolibrain/deepdetect_cpu,v0.20.0
jolibrain/deepdetect_cpu,docker.io/jolibrain/deepdetect_cpu,v0.9
jolibrain/deepdetect_cpu,docker.io/jolibrain/deepdetect_cpu,v0.9.5
jolibrain/deepdetect_gpu,docker.io/jolibrain/deepdetect_gpu,ci-master
jolibrain/deepdetect_gpu,docker.io/jolibrain/deepdetect_gpu,latest
jolibrain/deepdetect_gpu,docker.io/jolibrain/deepdetect_gpu,v0.10.1
jolibrain/deepdetect_gpu,docker.io/jolibrain/deepdetect_gpu,v0.11.0
jolibrain/deepdetect_gpu,docker.io/jolibrain/deepdetect_gpu,v0.12.0
jolibrain/deepdetect_gpu,docker.io/jolibrain/deepdetect_gpu,v0.13.0
jolibrain/deepdetect_gpu,docker.io/jolibrain/deepdetect_gpu,v0.14.0
jolibrain/deepdetect_gpu,docker.io/jolibrain/deepdetect_gpu,v0.15.0
jolibrain/deepdetect_gpu,docker.io/jolibrain/deepdetect_gpu,v0.16.0
jolibrain/deepdetect_gpu,docker.io/jolibrain/deepdetect_gpu,v0.17.0
jolibrain/deepdetect_gpu,docker.io/jolibrain/deepdetect_gpu,v0.18.0
jolibrain/deepdetect_gpu,docker.io/jolibrain/deepdetect_gpu,v0.19.0
jolibrain/deepdetect_gpu,docker.io/jolibrain/deepdetect_gpu,v0.9
jolibrain/deepdetect_gpu,docker.io/jolibrain/deepdetect_gpu,v0.9.5
jolibrain/deepdetect_gpu,docker.io/jolibrain/deepdetect_gpu,v0.9.7
jolibrain/deepdetect_gpu_torch,docker.io/jolibrain/deepdetect_gpu_torch,ci-master
jolibrain/deepdetect_gpu_torch,docker.io/jolibrain/deepdetect_gpu_torch,latest
jolibrain/deepdetect_gpu_torch,docker.io/jolibrain/deepdetect_gpu_torch,v0.11.0
jolibrain/deepdetect_gpu_torch,docker.io/jolibrain/deepdetect_gpu_torch,v0.12.0
jolibrain/deepdetect_gpu_torch,docker.io/jolibrain/deepdetect_gpu_torch,v0.13.0
jolibrain/deepdetect_gpu_torch,docker.io/jolibrain/deepdetect_gpu_torch,v0.14.0
jolibrain/deepdetect_gpu_torch,docker.io/jolibrain/deepdetect_gpu_torch,v0.15.0
jolibrain/deepdetect_gpu_torch,docker.io/jolibrain/deepdetect_gpu_torch,v0.16.0
jolibrain/deepdetect_gpu_torch,docker.io/jolibrain/deepdetect_gpu_torch,v0.17.0
jolibrain/deepdetect_gpu_torch,docker.io/jolibrain/deepdetect_gpu_torch,v0.18.0
jolibrain/deepdetect_gpu_torch,docker.io/jolibrain/deepdetect_gpu_torch,v0.19.0
jolibrain/deepdetect_gpu_tensorrt,docker.io/jolibrain/deepdetect_gpu_tensorrt,ci-master
jolibrain/deepdetect_gpu_tensorrt,docker.io/jolibrain/deepdetect_gpu_tensorrt,latest
jolibrain/deepdetect_gpu_tensorrt,docker.io/jolibrain/deepdetect_gpu_tensorrt,v0.10.1
jolibrain/deepdetect_gpu_tensorrt,docker.io/jolibrain/deepdetect_gpu_tensorrt,v0.11.0
jolibrain/deepdetect_gpu_tensorrt,docker.io/jolibrain/deepdetect_gpu_tensorrt,v0.14.0
jolibrain/deepdetect_gpu_tensorrt,docker.io/jolibrain/deepdetect_gpu_tensorrt,v0.15.0
jolibrain/deepdetect_gpu_tensorrt,docker.io/jolibrain/deepdetect_gpu_tensorrt,v0.16.0
jolibrain/deepdetect_gpu_tensorrt,docker.io/jolibrain/deepdetect_gpu_tensorrt,v0.17.0
jolibrain/deepdetect_gpu_tensorrt,docker.io/jolibrain/deepdetect_gpu_tensorrt,v0.18.0
jolibrain/deepdetect_gpu_tensorrt,docker.io/jolibrain/deepdetect_gpu_tensorrt,v0.19.0
intel/intel-optimized-tensorflow,docker.io/intel/intel-optimized-tensorflow,1.15.2
intel/intel-optimized-tensorflow,docker.io/intel/intel-optimized-tensorflow,2.0.1
intel/intel-optimized-tensorflow,docker.io/intel/intel-optimized-tensorflow,2.1.0
intel/intel-optimized-tensorflow,docker.io/intel/intel-optimized-tensorflow,2.1.1
intel/intel-optimized-tensorflow,docker.io/intel/intel-optimized-tensorflow,2.1.1-jupyter
intel/intel-optimized-tensorflow,docker.io/intel/intel-optimized-tensorflow,2.2.0
intel/intel-optimized-tensorflow,docker.io/intel/intel-optimized-tensorflow,2.2.0-centos-8
intel/intel-optimized-tensorflow,docker.io/intel/intel-optimized-tensorflow,2.2.0-centos-8-jupyter
intel/intel-optimized-tensorflow,docker.io/intel/intel-optimized-tensorflow,2.2.0-centos-8-mpi-horovod
intel/intel-optimized-tensorflow,docker.io/intel/intel-optimized-tensorflow,2.2.0-centos-8-mpi-horovod-jupyter
intel/intel-optimized-tensorflow,docker.io/intel/intel-optimized-tensorflow,2.2.0-centos-8-mpich-horovod
intel/intel-optimized-tensorflow,docker.io/intel/intel-optimized-tensorflow,2.2.0-centos-8-mpich-horovod-jupyter
intel/intel-optimized-tensorflow,docker.io/intel/intel-optimized-tensorflow,2.2.0-jupyter
intel/intel-optimized-tensorflow,docker.io/intel/intel-optimized-tensorflow,2.2.0-ubuntu-16.04
intel/intel-optimized-tensorflow,docker.io/intel/intel-optimized-tensorflow,2.2.0-ubuntu-16.04-jupyter
intel/intel-optimized-tensorflow,docker.io/intel/intel-optimized-tensorflow,2.2.0-ubuntu-16.04-mpi-horovod
intel/intel-optimized-tensorflow,docker.io/intel/intel-optimized-tensorflow,2.2.0-ubuntu-16.04-mpi-horovod-jupyter
intel/intel-optimized-tensorflow,docker.io/intel/intel-optimized-tensorflow,2.2.0-ubuntu-18.04
intel/intel-optimized-tensorflow,docker.io/intel/intel-optimized-tensorflow,2.2.0-ubuntu-18.04-jupyter
intel/intel-optimized-tensorflow,docker.io/intel/intel-optimized-tensorflow,2.2.0-ubuntu-18.04-mpi-horovod
intel/intel-optimized-tensorflow,docker.io/intel/intel-optimized-tensorflow,2.2.0-ubuntu-18.04-mpi-horovod-jupyter
intel/intel-optimized-tensorflow,docker.io/intel/intel-optimized-tensorflow,2.2.0-ubuntu-20.04
intel/intel-optimized-tensorflow,docker.io/intel/intel-optimized-tensorflow,2.2.0-ubuntu-20.04-jupyter
intel/intel-optimized-tensorflow,docker.io/intel/intel-optimized-tensorflow,2.2.0-ubuntu-20.04-mpi-horovod
intel/intel-optimized-tensorflow,docker.io/intel/intel-optimized-tensorflow,2.2.0-ubuntu-20.04-mpi-horovod-jupyter
intel/intel-optimized-tensorflow,docker.io/intel/intel-optimized-tensorflow,2.3.0
intel/intel-optimized-tensorflow,docker.io/intel/intel-optimized-tensorflow,2.3.0-centos-8
intel/intel-optimized-tensorflow,docker.io/intel/intel-optimized-tensorflow,2.3.0-centos-8-jupyter
intel/intel-optimized-tensorflow,docker.io/intel/intel-optimized-tensorflow,2.3.0-centos-8-mpi-horovod
intel/intel-optimized-tensorflow,docker.io/intel/intel-optimized-tensorflow,2.3.0-centos-8-mpi-horovod-jupyter
intel/intel-optimized-tensorflow,docker.io/intel/intel-optimized-tensorflow,2.3.0-centos-8-mpich-horovod
intel/intel-optimized-tensorflow,docker.io/intel/intel-optimized-tensorflow,2.3.0-centos-8-mpich-horovod-jupyter
intel/intel-optimized-tensorflow,docker.io/intel/intel-optimized-tensorflow,2.3.0-jupyter
intel/intel-optimized-tensorflow,docker.io/intel/intel-optimized-tensorflow,2.3.0-mkl
intel/intel-optimized-tensorflow,docker.io/intel/intel-optimized-tensorflow,2.3.0-mkl-jupyter
intel/intel-optimized-tensorflow,docker.io/intel/intel-optimized-tensorflow,2.3.0-ubuntu-16.04
intel/intel-optimized-tensorflow,docker.io/intel/intel-optimized-tensorflow,2.3.0-ubuntu-16.04-jupyter
intel/intel-optimized-tensorflow,docker.io/intel/intel-optimized-tensorflow,2.3.0-ubuntu-16.04-mpi-horovod
intel/intel-optimized-tensorflow,docker.io/intel/intel-optimized-tensorflow,2.3.0-ubuntu-16.04-mpi-horovod-jupyter
intel/intel-optimized-tensorflow,docker.io/intel/intel-optimized-tensorflow,2.3.0-ubuntu-16.04-mpich-horovod
intel/intel-optimized-tensorflow,docker.io/intel/intel-optimized-tensorflow,2.3.0-ubuntu-16.04-mpich-horovod-jupyter
intel/intel-optimized-tensorflow,docker.io/intel/intel-optimized-tensorflow,2.3.0-ubuntu-18.04
intel/intel-optimized-tensorflow,docker.io/intel/intel-optimized-tensorflow,2.3.0-ubuntu-18.04-jupyter
intel/intel-optimized-tensorflow,docker.io/intel/intel-optimized-tensorflow,2.3.0-ubuntu-18.04-mpi-horovod
intel/intel-optimized-tensorflow,docker.io/intel/intel-optimized-tensorflow,2.3.0-ubuntu-18.04-mpi-horovod-jupyter
intel/intel-optimized-tensorflow,docker.io/intel/intel-optimized-tensorflow,2.3.0-ubuntu-18.04-mpich-horovod
intel/intel-optimized-tensorflow,docker.io/intel/intel-optimized-tensorflow,2.3.0-ubuntu-18.04-mpich-horovod-jupyter
intel/intel-optimized-tensorflow,docker.io/intel/intel-optimized-tensorflow,2.3.0-ubuntu-20.04
intel/intel-optimized-tensorflow,docker.io/intel/intel-optimized-tensorflow,2.3.0-ubuntu-20.04-jupyter
intel/intel-optimized-tensorflow,docker.io/intel/intel-optimized-tensorflow,2.3.0-ubuntu-20.04-mpi-horovod
intel/intel-optimized-tensorflow,docker.io/intel/intel-optimized-tensorflow,2.3.0-ubuntu-20.04-mpi-horovod-jupyter
intel/intel-optimized-tensorflow,docker.io/intel/intel-optimized-tensorflow,2.3.0-ubuntu-20.04-mpich-horovod
intel/intel-optimized-tensorflow,docker.io/intel/intel-optimized-tensorflow,2.3.0-ubuntu-20.04-mpich-horovod-jupyter
intel/intel-optimized-tensorflow,docker.io/intel/intel-optimized-tensorflow,2.4.0
intel/intel-optimized-tensorflow,docker.io/intel/intel-optimized-tensorflow,2.4.0-avx512-mkl
intel/intel-optimized-tensorflow,docker.io/intel/intel-optimized-tensorflow,2.4.0-avx512-mkl-jupyter
intel/intel-optimized-tensorflow,docker.io/intel/intel-optimized-tensorflow,2.4.0-centos-7
intel/intel-optimized-tensorflow,docker.io/intel/intel-optimized-tensorflow,2.4.0-centos-7-jupyter
intel/intel-optimized-tensorflow,docker.io/intel/intel-optimized-tensorflow,2.4.0-centos-7-mpi-horovod
intel/intel-optimized-tensorflow,docker.io/intel/intel-optimized-tensorflow,2.4.0-centos-7-mpi-horovod-jupyter
intel/intel-optimized-tensorflow,docker.io/intel/intel-optimized-tensorflow,2.4.0-centos-8
intel/intel-optimized-tensorflow,docker.io/intel/intel-optimized-tensorflow,2.4.0-centos-8-jupyter
intel/intel-optimized-tensorflow,docker.io/intel/intel-optimized-tensorflow,2.4.0-centos-8-mpi-horovod
intel/intel-optimized-tensorflow,docker.io/intel/intel-optimized-tensorflow,2.4.0-centos-8-mpi-horovod-jupyter
intel/intel-optimized-tensorflow,docker.io/intel/intel-optimized-tensorflow,2.4.0-centos-8-mpich-horovod
intel/intel-optimized-tensorflow,docker.io/intel/intel-optimized-tensorflow,2.4.0-centos-8-mpich-horovod-jupyter
intel/intel-optimized-tensorflow,docker.io/intel/intel-optimized-tensorflow,2.4.0-jupyter
intel/intel-optimized-tensorflow,docker.io/intel/intel-optimized-tensorflow,2.4.0-mkl
intel/intel-optimized-tensorflow,docker.io/intel/intel-optimized-tensorflow,2.4.0-mkl-jupyter
intel/intel-optimized-tensorflow,docker.io/intel/intel-optimized-tensorflow,2.4.0-ubuntu-16.04
intel/intel-optimized-tensorflow,docker.io/intel/intel-optimized-tensorflow,2.4.0-ubuntu-16.04-jupyter
intel/intel-optimized-tensorflow,docker.io/intel/intel-optimized-tensorflow,2.4.0-ubuntu-16.04-mpi-horovod
intel/intel-optimized-tensorflow,docker.io/intel/intel-optimized-tensorflow,2.4.0-ubuntu-16.04-mpi-horovod-jupyter
intel/intel-optimized-tensorflow,docker.io/intel/intel-optimized-tensorflow,2.4.0-ubuntu-16.04-mpich-horovod
intel/intel-optimized-tensorflow,docker.io/intel/intel-optimized-tensorflow,2.4.0-ubuntu-16.04-mpich-horovod-jupyter
intel/intel-optimized-tensorflow,docker.io/intel/intel-optimized-tensorflow,2.4.0-ubuntu-18.04
intel/intel-optimized-tensorflow,docker.io/intel/intel-optimized-tensorflow,2.4.0-ubuntu-18.04-jupyter
intel/intel-optimized-tensorflow,docker.io/intel/intel-optimized-tensorflow,2.4.0-ubuntu-18.04-mpi-horovod
intel/intel-optimized-tensorflow,docker.io/intel/intel-optimized-tensorflow,2.4.0-ubuntu-18.04-mpi-horovod-jupyter
intel/intel-optimized-tensorflow,docker.io/intel/intel-optimized-tensorflow,2.4.0-ubuntu-18.04-mpich-horovod
intel/intel-optimized-tensorflow,docker.io/intel/intel-optimized-tensorflow,2.4.0-ubuntu-18.04-mpich-horovod-jupyter
intel/intel-optimized-tensorflow,docker.io/intel/intel-optimized-tensorflow,2.4.0-ubuntu-20.04
intel/intel-optimized-tensorflow,docker.io/intel/intel-optimized-tensorflow,2.4.0-ubuntu-20.04-jupyter
intel/intel-optimized-tensorflow,docker.io/intel/intel-optimized-tensorflow,2.4.0-ubuntu-20.04-mpi-horovod
intel/intel-optimized-tensorflow,docker.io/intel/intel-optimized-tensorflow,2.4.0-ubuntu-20.04-mpi-horovod-jupyt
intel/intel-optimized-tensorflow,docker.io/intel/intel-optimized-tensorflow,2.4.0-ubuntu-20.04-mpi-horovod-jupyter
intel/intel-optimized-tensorflow,docker.io/intel/intel-optimized-tensorflow,2.4.0-ubuntu-20.04-mpich-horovod
intel/intel-optimized-tensorflow,docker.io/intel/intel-optimized-tensorflow,2.4.0-ubuntu-20.04-mpich-horovod-jup
intel/intel-optimized-tensorflow,docker.io/intel/intel-optimized-tensorflow,2.4.0-ubuntu-20.04-mpich-horovod-jupyter
intel/intel-optimized-tensorflow,docker.io/intel/intel-optimized-tensorflow,2.5.0
intel/intel-optimized-tensorflow,docker.io/intel/intel-optimized-tensorflow,2.5.0-centos-8
intel/intel-optimized-tensorflow,docker.io/intel/intel-optimized-tensorflow,2.5.0-centos-8-jupyter
intel/intel-optimized-tensorflow,docker.io/intel/intel-optimized-tensorflow,2.5.0-centos-8-mpi-horovod
intel/intel-optimized-tensorflow,docker.io/intel/intel-optimized-tensorflow,2.5.0-jupyter
intel/intel-optimized-tensorflow,docker.io/intel/intel-optimized-tensorflow,2.5.0-mpi-horovod
intel/intel-optimized-tensorflow,docker.io/intel/intel-optimized-tensorflow,2.5.0-ubuntu-18.04
intel/intel-optimized-tensorflow,docker.io/intel/intel-optimized-tensorflow,2.5.0-ubuntu-18.04-jupyter
intel/intel-optimized-tensorflow,docker.io/intel/intel-optimized-tensorflow,2.5.0-ubuntu-18.04-mpi-horovod
intel/intel-optimized-tensorflow,docker.io/intel/intel-optimized-tensorflow,2.5.0-ubuntu-20.04
intel/intel-optimized-tensorflow,docker.io/intel/intel-optimized-tensorflow,2.5.0-ubuntu-20.04-jupyter
intel/intel-optimized-tensorflow,docker.io/intel/intel-optimized-tensorflow,2.5.0-ubuntu-20.04-mpi-horovod
intel/intel-optimized-tensorflow,docker.io/intel/intel-optimized-tensorflow,2.6.0
intel/intel-optimized-tensorflow,docker.io/intel/intel-optimized-tensorflow,2.6.0-centos-8
intel/intel-optimized-tensorflow,docker.io/intel/intel-optimized-tensorflow,2.6.0-centos-8-jupyter
intel/intel-optimized-tensorflow,docker.io/intel/intel-optimized-tensorflow,2.6.0-centos-8-mpi-horovod
intel/intel-optimized-tensorflow,docker.io/intel/intel-optimized-tensorflow,2.6.0-jupyter
intel/intel-optimized-tensorflow,docker.io/intel/intel-optimized-tensorflow,2.6.0-jupyter-performance
intel/intel-optimized-tensorflow,docker.io/intel/intel-optimized-tensorflow,2.6.0-mpi-horovod
intel/intel-optimized-tensorflow,docker.io/intel/intel-optimized-tensorflow,2.6.0-ubuntu-18.04
intel/intel-optimized-tensorflow,docker.io/intel/intel-optimized-tensorflow,2.6.0-ubuntu-18.04-jupyter
intel/intel-optimized-tensorflow,docker.io/intel/intel-optimized-tensorflow,2.6.0-ubuntu-18.04-mpi-horovod
intel/intel-optimized-tensorflow,docker.io/intel/intel-optimized-tensorflow,2.6.0-ubuntu-20.04
intel/intel-optimized-tensorflow,docker.io/intel/intel-optimized-tensorflow,2.6.0-ubuntu-20.04-jupyter
intel/intel-optimized-tensorflow,docker.io/intel/intel-optimized-tensorflow,2.6.0-ubuntu-20.04-mpi-horovod
intel/intel-optimized-tensorflow,docker.io/intel/intel-optimized-tensorflow,2.7.0
intel/intel-optimized-tensorflow,docker.io/intel/intel-optimized-tensorflow,2.7.0-jupyter
intel/intel-optimized-tensorflow,docker.io/intel/intel-optimized-tensorflow,2.7.0-mpi-horovod
intel/intel-optimized-tensorflow,docker.io/intel/intel-optimized-tensorflow,2.7.0-ubuntu-18.04
intel/intel-optimized-tensorflow,docker.io/intel/intel-optimized-tensorflow,2.7.0-ubuntu-18.04-jupyter
intel/intel-optimized-tensorflow,docker.io/intel/intel-optimized-tensorflow,2.7.0-ubuntu-18.04-mpi-horovod
intel/intel-optimized-tensorflow,docker.io/intel/intel-optimized-tensorflow,2.7.0-ubuntu-20.04
intel/intel-optimized-tensorflow,docker.io/intel/intel-optimized-tensorflow,2.7.0-ubuntu-20.04-jupyter
intel/intel-optimized-tensorflow,docker.io/intel/intel-optimized-tensorflow,2.7.0-ubuntu-20.04-mpi-horovod
intel/intel-optimized-tensorflow,docker.io/intel/intel-optimized-tensorflow,centos-8
intel/intel-optimized-tensorflow,docker.io/intel/intel-optimized-tensorflow,centos-8-jupyter
intel/intel-optimized-tensorflow,docker.io/intel/intel-optimized-tensorflow,centos-8-mpi-horovod
intel/intel-optimized-tensorflow,docker.io/intel/intel-optimized-tensorflow,jupyter
intel/intel-optimized-tensorflow,docker.io/intel/intel-optimized-tensorflow,jupyter-performance
intel/intel-optimized-tensorflow,docker.io/intel/intel-optimized-tensorflow,latest
intel/intel-optimized-tensorflow,docker.io/intel/intel-optimized-tensorflow,mpi-horovod
intel/intel-optimized-tensorflow,docker.io/intel/intel-optimized-tensorflow,r2.4-icx-ww46-ef82f4c66
intel/intel-optimized-tensorflow,docker.io/intel/intel-optimized-tensorflow,r2.4-ubuntu-18.04-icx-ef82f4c66
intel/intel-optimized-tensorflow,docker.io/intel/intel-optimized-tensorflow,tensorflow-2.2-bf16-nightly
intel/intel-optimized-tensorflow,docker.io/intel/intel-optimized-tensorflow,tensorflow-2.2-bf16-rn50-nightly
intel/intel-optimized-tensorflow,docker.io/intel/intel-optimized-tensorflow,tf-2.3.0-imz-2.1.1-jupyter-performance
intel/intel-optimized-tensorflow,docker.io/intel/intel-optimized-tensorflow,tf-2.3.0-imz-2.2.0-jupyter-performance
intel/intel-optimized-tensorflow,docker.io/intel/intel-optimized-tensorflow,tf-r2.5-icx-b631821f
intel/intel-optimized-tensorflow,docker.io/intel/intel-optimized-tensorflow,tf-r2.5-icx-b631821f-mpi-horovod
intel/intel-optimized-tensorflow,docker.io/intel/intel-optimized-tensorflow,ubuntu-18.04
intel/intel-optimized-tensorflow,docker.io/intel/intel-optimized-tensorflow,ubuntu-18.04-jupyter
intel/intel-optimized-tensorflow,docker.io/intel/intel-optimized-tensorflow,ubuntu-18.04-mpi-horovod
intel/intel-optimized-tensorflow,docker.io/intel/intel-optimized-tensorflow,ubuntu-20.04
intel/intel-optimized-tensorflow,docker.io/intel/intel-optimized-tensorflow,ubuntu-20.04-jupyter
intel/intel-optimized-tensorflow,docker.io/intel/intel-optimized-tensorflow,ubuntu-20.04-mpi-horovod
s22s/rasterframes-notebook,docker.io/s22s/rasterframes-notebook,0.8.0
s22s/rasterframes-notebook,docker.io/s22s/rasterframes-notebook,0.8.0-SNAPSHOT
s22s/rasterframes-notebook,docker.io/s22s/rasterframes-notebook,0.8.1
s22s/rasterframes-notebook,docker.io/s22s/rasterframes-notebook,0.8.2
s22s/rasterframes-notebook,docker.io/s22s/rasterframes-notebook,0.8.3
s22s/rasterframes-notebook,docker.io/s22s/rasterframes-notebook,0.8.4
s22s/rasterframes-notebook,docker.io/s22s/rasterframes-notebook,0.8.4-SNAPSHOT
s22s/rasterframes-notebook,docker.io/s22s/rasterframes-notebook,0.8.5
s22s/rasterframes-notebook,docker.io/s22s/rasterframes-notebook,0.8.5-astraea.9a24f084
s22s/rasterframes-notebook,docker.io/s22s/rasterframes-notebook,0.9.0
s22s/rasterframes-notebook,docker.io/s22s/rasterframes-notebook,0.9.0-1ce1ff3
s22s/rasterframes-notebook,docker.io/s22s/rasterframes-notebook,0.9.0-9560e45
s22s/rasterframes-notebook,docker.io/s22s/rasterframes-notebook,0.9.0-RC1
s22s/rasterframes-notebook,docker.io/s22s/rasterframes-notebook,0.9.0-RC2
s22s/rasterframes-notebook,docker.io/s22s/rasterframes-notebook,0.9.0-astraea
s22s/rasterframes-notebook,docker.io/s22s/rasterframes-notebook,0.9.0-astraea.452747b4
s22s/rasterframes-notebook,docker.io/s22s/rasterframes-notebook,0.9.1
s22s/rasterframes-notebook,docker.io/s22s/rasterframes-notebook,13eb6f2
s22s/rasterframes-notebook,docker.io/s22s/rasterframes-notebook,20190916
s22s/rasterframes-notebook,docker.io/s22s/rasterframes-notebook,21cb7f4
s22s/rasterframes-notebook,docker.io/s22s/rasterframes-notebook,45ab397
s22s/rasterframes-notebook,docker.io/s22s/rasterframes-notebook,59cacd5
s22s/rasterframes-notebook,docker.io/s22s/rasterframes-notebook,6ada5a4
s22s/rasterframes-notebook,docker.io/s22s/rasterframes-notebook,9de8ebc4
s22s/rasterframes-notebook,docker.io/s22s/rasterframes-notebook,a9e2a4c
s22s/rasterframes-notebook,docker.io/s22s/rasterframes-notebook,caa4758
s22s/rasterframes-notebook,docker.io/s22s/rasterframes-notebook,d223b82
s22s/rasterframes-notebook,docker.io/s22s/rasterframes-notebook,fc9d48d
s22s/rasterframes-notebook,docker.io/s22s/rasterframes-notebook,latest
openmined/tenseal,docker.io/openmined/tenseal,0.3.0a2
openmined/tenseal,docker.io/openmined/tenseal,0.3.0a2-py36
openmined/tenseal,docker.io/openmined/tenseal,0.3.0a2-py37
openmined/tenseal,docker.io/openmined/tenseal,0.3.0a2-py38
openmined/tenseal,docker.io/openmined/tenseal,0.3.0a3
openmined/tenseal,docker.io/openmined/tenseal,0.3.0a3-py36
openmined/tenseal,docker.io/openmined/tenseal,0.3.0a3-py37
openmined/tenseal,docker.io/openmined/tenseal,0.3.0a3-py38
openmined/tenseal,docker.io/openmined/tenseal,0.3.0a4
openmined/tenseal,docker.io/openmined/tenseal,0.3.0a4-py36
openmined/tenseal,docker.io/openmined/tenseal,0.3.0a4-py37
openmined/tenseal,docker.io/openmined/tenseal,0.3.0a4-py38
openmined/tenseal,docker.io/openmined/tenseal,0.3.0a5
openmined/tenseal,docker.io/openmined/tenseal,0.3.0a5-py36
openmined/tenseal,docker.io/openmined/tenseal,0.3.0a5-py37
openmined/tenseal,docker.io/openmined/tenseal,0.3.0a5-py38
openmined/tenseal,docker.io/openmined/tenseal,3768d69923f8f8ac901046a7ecbdd1b09c964aa2
openmined/tenseal,docker.io/openmined/tenseal,7c2a3159f4f1b6c1b412de706defa894ca636b88
openmined/tenseal,docker.io/openmined/tenseal,a457da17ba801958683b29e293e4974edea1cc74
openmined/tenseal,docker.io/openmined/tenseal,dev
openmined/tenseal,docker.io/openmined/tenseal,dev-py36
openmined/tenseal,docker.io/openmined/tenseal,dev-py37
openmined/tenseal,docker.io/openmined/tenseal,dev-py38
openmined/tenseal,docker.io/openmined/tenseal,dev-py39
openmined/tenseal,docker.io/openmined/tenseal,e1b1c9fbce5b74c6911ad940709dfc656627eb15
openmined/tenseal,docker.io/openmined/tenseal,f140cf70e303aae6be412a538ad20855bc453ecb
openmined/tenseal,docker.io/openmined/tenseal,latest
openmined/tenseal,docker.io/openmined/tenseal,latest-py36
openmined/tenseal,docker.io/openmined/tenseal,latest-py37
openmined/tenseal,docker.io/openmined/tenseal,latest-py38
openmined/tenseal,docker.io/openmined/tenseal,pr-71-merge
openmined/tenseal,docker.io/openmined/tenseal,sha-061a5aa
openmined/tenseal,docker.io/openmined/tenseal,sha-0b3fc4a
openmined/tenseal,docker.io/openmined/tenseal,sha-0fcb04e
openmined/tenseal,docker.io/openmined/tenseal,sha-17786fe
openmined/tenseal,docker.io/openmined/tenseal,sha-1966c7a
openmined/tenseal,docker.io/openmined/tenseal,sha-209e9b0
openmined/tenseal,docker.io/openmined/tenseal,sha-248547c
openmined/tenseal,docker.io/openmined/tenseal,sha-2d7b336
openmined/tenseal,docker.io/openmined/tenseal,sha-302f8d3
openmined/tenseal,docker.io/openmined/tenseal,sha-32d0d47
openmined/tenseal,docker.io/openmined/tenseal,sha-33f0dae
openmined/tenseal,docker.io/openmined/tenseal,sha-34c50b4
openmined/tenseal,docker.io/openmined/tenseal,sha-3ba0b5e
openmined/tenseal,docker.io/openmined/tenseal,sha-3eceece
openmined/tenseal,docker.io/openmined/tenseal,sha-411a7cd
openmined/tenseal,docker.io/openmined/tenseal,sha-4dfa0bd
openmined/tenseal,docker.io/openmined/tenseal,sha-521b19d
openmined/tenseal,docker.io/openmined/tenseal,sha-53093ad
openmined/tenseal,docker.io/openmined/tenseal,sha-5b34017
openmined/tenseal,docker.io/openmined/tenseal,sha-5f861fb
openmined/tenseal,docker.io/openmined/tenseal,sha-611b0f5
openmined/tenseal,docker.io/openmined/tenseal,sha-6463b96
openmined/tenseal,docker.io/openmined/tenseal,sha-67335f0
openmined/tenseal,docker.io/openmined/tenseal,sha-685234a
openmined/tenseal,docker.io/openmined/tenseal,sha-692456d
openmined/tenseal,docker.io/openmined/tenseal,sha-734275f
openmined/tenseal,docker.io/openmined/tenseal,sha-7bdd98a
openmined/tenseal,docker.io/openmined/tenseal,sha-82e7443
openmined/tenseal,docker.io/openmined/tenseal,sha-84ef41c
openmined/tenseal,docker.io/openmined/tenseal,sha-8e52e11
openmined/tenseal,docker.io/openmined/tenseal,sha-952888a
openmined/tenseal,docker.io/openmined/tenseal,sha-98aad40
openmined/tenseal,docker.io/openmined/tenseal,sha-9aa8fda
openmined/tenseal,docker.io/openmined/tenseal,sha-9f69c49
openmined/tenseal,docker.io/openmined/tenseal,sha-aa75262
openmined/tenseal,docker.io/openmined/tenseal,sha-acfc2b8
openmined/tenseal,docker.io/openmined/tenseal,sha-c496f85
openmined/tenseal,docker.io/openmined/tenseal,sha-c51575d
openmined/tenseal,docker.io/openmined/tenseal,sha-c769e1d
openmined/tenseal,docker.io/openmined/tenseal,sha-c7a8aff
openmined/tenseal,docker.io/openmined/tenseal,sha-e66d1c4
openmined/tenseal,docker.io/openmined/tenseal,sha-ee41f9f
openmined/tenseal,docker.io/openmined/tenseal,sha-f89c9b3
openmined/tenseal,docker.io/openmined/tenseal,v0.1.0
openmined/tenseal,docker.io/openmined/tenseal,v0.1.0-py36
openmined/tenseal,docker.io/openmined/tenseal,v0.1.0-py37
openmined/tenseal,docker.io/openmined/tenseal,v0.1.0-py38
openmined/tenseal,docker.io/openmined/tenseal,v0.1.0a0
openmined/tenseal,docker.io/openmined/tenseal,v0.1.0a0-py36
openmined/tenseal,docker.io/openmined/tenseal,v0.1.0a0-py37
openmined/tenseal,docker.io/openmined/tenseal,v0.1.0a0-py38
openmined/tenseal,docker.io/openmined/tenseal,v0.1.0a1
openmined/tenseal,docker.io/openmined/tenseal,v0.1.0a1-py36
openmined/tenseal,docker.io/openmined/tenseal,v0.1.0a1-py37
openmined/tenseal,docker.io/openmined/tenseal,v0.1.0a1-py38
openmined/tenseal,docker.io/openmined/tenseal,v0.2.0a0
openmined/tenseal,docker.io/openmined/tenseal,v0.2.0a0-py36
openmined/tenseal,docker.io/openmined/tenseal,v0.2.0a0-py37
openmined/tenseal,docker.io/openmined/tenseal,v0.2.0a0-py38
openmined/tenseal,docker.io/openmined/tenseal,v0.2.0a1
openmined/tenseal,docker.io/openmined/tenseal,v0.2.0a1-py36
openmined/tenseal,docker.io/openmined/tenseal,v0.2.0a1-py37
openmined/tenseal,docker.io/openmined/tenseal,v0.2.0a1-py38
openmined/tenseal,docker.io/openmined/tenseal,v0.3.0
openmined/tenseal,docker.io/openmined/tenseal,v0.3.0-py36
openmined/tenseal,docker.io/openmined/tenseal,v0.3.0-py37
openmined/tenseal,docker.io/openmined/tenseal,v0.3.0-py38
openmined/tenseal,docker.io/openmined/tenseal,v0.3.0a0
openmined/tenseal,docker.io/openmined/tenseal,v0.3.0a0-py36
openmined/tenseal,docker.io/openmined/tenseal,v0.3.0a0-py37
openmined/tenseal,docker.io/openmined/tenseal,v0.3.0a0-py38
openmined/tenseal,docker.io/openmined/tenseal,v0.3.0a1
openmined/tenseal,docker.io/openmined/tenseal,v0.3.0a1-py36
openmined/tenseal,docker.io/openmined/tenseal,v0.3.0a1-py37
openmined/tenseal,docker.io/openmined/tenseal,v0.3.0a1-py38
openmined/tenseal,docker.io/openmined/tenseal,v0.3.0a6
openmined/tenseal,docker.io/openmined/tenseal,v0.3.0a6-py36
openmined/tenseal,docker.io/openmined/tenseal,v0.3.0a6-py37
openmined/tenseal,docker.io/openmined/tenseal,v0.3.0a6-py38
openmined/tenseal,docker.io/openmined/tenseal,v0.3.1
openmined/tenseal,docker.io/openmined/tenseal,v0.3.1-py36
openmined/tenseal,docker.io/openmined/tenseal,v0.3.1-py37
openmined/tenseal,docker.io/openmined/tenseal,v0.3.1-py38
openmined/tenseal,docker.io/openmined/tenseal,v0.3.1-py39
openmined/tenseal,docker.io/openmined/tenseal,v0.3.2
openmined/tenseal,docker.io/openmined/tenseal,v0.3.2-py36
openmined/tenseal,docker.io/openmined/tenseal,v0.3.2-py37
openmined/tenseal,docker.io/openmined/tenseal,v0.3.2-py38
openmined/tenseal,docker.io/openmined/tenseal,v0.3.2-py39
openmined/tenseal,docker.io/openmined/tenseal,v0.3.3
openmined/tenseal,docker.io/openmined/tenseal,v0.3.3-py36
openmined/tenseal,docker.io/openmined/tenseal,v0.3.3-py37
openmined/tenseal,docker.io/openmined/tenseal,v0.3.3-py38
openmined/tenseal,docker.io/openmined/tenseal,v0.3.3-py39
openmined/tenseal,docker.io/openmined/tenseal,v0.3.4
openmined/tenseal,docker.io/openmined/tenseal,v0.3.4-py36
openmined/tenseal,docker.io/openmined/tenseal,v0.3.4-py37
openmined/tenseal,docker.io/openmined/tenseal,v0.3.4-py38
openmined/tenseal,docker.io/openmined/tenseal,v0.3.4-py39
openmined/tenseal,docker.io/openmined/tenseal,v0.4.0a1
openmined/tenseal,docker.io/openmined/tenseal,v0.4.0a1-py36
openmined/tenseal,docker.io/openmined/tenseal,v0.4.0a1-py37
openmined/tenseal,docker.io/openmined/tenseal,v0.4.0a1-py38
openmined/tenseal,docker.io/openmined/tenseal,v0.4.0a1-py39
apulistech/mmdetection,docker.io/apulistech/mmdetection,latest
apulistech/mmdetection,docker.io/apulistech/mmdetection,test
apulistech/mmdetection,docker.io/apulistech/mmdetection,v2.0
openvino/model_server,docker.io/openvino/model_server,2020.3
openvino/model_server,docker.io/openvino/model_server,2020.4
openvino/model_server,docker.io/openvino/model_server,2021.1
openvino/model_server,docker.io/openvino/model_server,2021.1-gpu
openvino/model_server,docker.io/openvino/model_server,2021.2
openvino/model_server,docker.io/openvino/model_server,2021.2-gpu
openvino/model_server,docker.io/openvino/model_server,2021.2.1
openvino/model_server,docker.io/openvino/model_server,2021.2.1-gpu
openvino/model_server,docker.io/openvino/model_server,2021.3
openvino/model_server,docker.io/openvino/model_server,2021.3-gpu
openvino/model_server,docker.io/openvino/model_server,2021.4
openvino/model_server,docker.io/openvino/model_server,2021.4-gpu
openvino/model_server,docker.io/openvino/model_server,2021.4.1
openvino/model_server,docker.io/openvino/model_server,2021.4.1-gpu
openvino/model_server,docker.io/openvino/model_server,2021.4.2
openvino/model_server,docker.io/openvino/model_server,2021.4.2-gpu
openvino/model_server,docker.io/openvino/model_server,latest
openvino/model_server,docker.io/openvino/model_server,latest-gpu
asciidoctor/docker-asciidoctor,docker.io/asciidoctor/docker-asciidoctor,1
asciidoctor/docker-asciidoctor,docker.io/asciidoctor/docker-asciidoctor,1.0
asciidoctor/docker-asciidoctor,docker.io/asciidoctor/docker-asciidoctor,1.0.0
asciidoctor/docker-asciidoctor,docker.io/asciidoctor/docker-asciidoctor,1.1
asciidoctor/docker-asciidoctor,docker.io/asciidoctor/docker-asciidoctor,1.1.0
asciidoctor/docker-asciidoctor,docker.io/asciidoctor/docker-asciidoctor,1.10
asciidoctor/docker-asciidoctor,docker.io/asciidoctor/docker-asciidoctor,1.10.0
asciidoctor/docker-asciidoctor,docker.io/asciidoctor/docker-asciidoctor,1.11
asciidoctor/docker-asciidoctor,docker.io/asciidoctor/docker-asciidoctor,1.11.0
asciidoctor/docker-asciidoctor,docker.io/asciidoctor/docker-asciidoctor,1.12
asciidoctor/docker-asciidoctor,docker.io/asciidoctor/docker-asciidoctor,1.12.0
asciidoctor/docker-asciidoctor,docker.io/asciidoctor/docker-asciidoctor,1.13
asciidoctor/docker-asciidoctor,docker.io/asciidoctor/docker-asciidoctor,1.13.0
asciidoctor/docker-asciidoctor,docker.io/asciidoctor/docker-asciidoctor,1.14
asciidoctor/docker-asciidoctor,docker.io/asciidoctor/docker-asciidoctor,1.14.0
asciidoctor/docker-asciidoctor,docker.io/asciidoctor/docker-asciidoctor,1.2
asciidoctor/docker-asciidoctor,docker.io/asciidoctor/docker-asciidoctor,1.2.0
asciidoctor/docker-asciidoctor,docker.io/asciidoctor/docker-asciidoctor,1.3
asciidoctor/docker-asciidoctor,docker.io/asciidoctor/docker-asciidoctor,1.3.0
asciidoctor/docker-asciidoctor,docker.io/asciidoctor/docker-asciidoctor,1.3.1
asciidoctor/docker-asciidoctor,docker.io/asciidoctor/docker-asciidoctor,1.3.2
asciidoctor/docker-asciidoctor,docker.io/asciidoctor/docker-asciidoctor,1.3.3
asciidoctor/docker-asciidoctor,docker.io/asciidoctor/docker-asciidoctor,1.4
asciidoctor/docker-asciidoctor,docker.io/asciidoctor/docker-asciidoctor,1.4.0
asciidoctor/docker-asciidoctor,docker.io/asciidoctor/docker-asciidoctor,1.5
asciidoctor/docker-asciidoctor,docker.io/asciidoctor/docker-asciidoctor,1.5.0
asciidoctor/docker-asciidoctor,docker.io/asciidoctor/docker-asciidoctor,1.6
asciidoctor/docker-asciidoctor,docker.io/asciidoctor/docker-asciidoctor,1.6.0
asciidoctor/docker-asciidoctor,docker.io/asciidoctor/docker-asciidoctor,1.6.1
asciidoctor/docker-asciidoctor,docker.io/asciidoctor/docker-asciidoctor,1.7
asciidoctor/docker-asciidoctor,docker.io/asciidoctor/docker-asciidoctor,1.7.0
asciidoctor/docker-asciidoctor,docker.io/asciidoctor/docker-asciidoctor,1.8
asciidoctor/docker-asciidoctor,docker.io/asciidoctor/docker-asciidoctor,1.8.0
asciidoctor/docker-asciidoctor,docker.io/asciidoctor/docker-asciidoctor,1.8.1
asciidoctor/docker-asciidoctor,docker.io/asciidoctor/docker-asciidoctor,1.9
asciidoctor/docker-asciidoctor,docker.io/asciidoctor/docker-asciidoctor,1.9.0
asciidoctor/docker-asciidoctor,docker.io/asciidoctor/docker-asciidoctor,latest
asciidoctor/docker-asciidoctor,docker.io/asciidoctor/docker-asciidoctor,untagged-8ede02161318437cc29f
asciidoctor/docker-asciidoctor,docker.io/asciidoctor/docker-asciidoctor,untagged-8ede02161318437cc29f.untagged-8ede02161318437cc29f
