Image,Name,Layers
openvino/cvat_server,docker.io/openvino/cvat_server,sha256:7b1a6ab2e44dbac178598dabe7cff59bd67233dba0b27e4fbd1f9d4b3c877a54
openvino/cvat_server,docker.io/openvino/cvat_server,sha256:5f13a5ce3c6f8cb4c24e566acedfd2af17e23130fb701fec9f236a7dfba152b0
openvino/cvat_server,docker.io/openvino/cvat_server,sha256:477da054c7281e4355623f7e8e5af8f592a0368ffac9067a57b4ce9dd499a20b
openvino/cvat_server,docker.io/openvino/cvat_server,sha256:ecd44a4923bceaa422855749499511471e409050ee39cfa7c84c49d99f990b42
openvino/cvat_server,docker.io/openvino/cvat_server,sha256:b90d2ab330f0885fc71aeac629e801cd23b49283b8c2190c1cf1c78c9421e6aa
openvino/cvat_server,docker.io/openvino/cvat_server,sha256:2aaf9f92c0bb69b31ddfd39fa24d9377df69f8cd8836370e2eb0532d0f6f8d3a
openvino/cvat_server,docker.io/openvino/cvat_server,sha256:1968e12b48cb67ef69069f5dd6ff77c291216e2b18405d70da3d0a54557acc3f
openvino/cvat_server,docker.io/openvino/cvat_server,sha256:43fc70c3a3f76277573bdf7e8325110ab295b1e0f530db08412e487bf7d9fd90
openvino/cvat_server,docker.io/openvino/cvat_server,sha256:822be14f9024372953a3594a0fb8f31c766435b19c44e7ad9f5c3080a51c86d2
openvino/cvat_server,docker.io/openvino/cvat_server,sha256:9e9cce48154bfc18bff0060d2b64965573a6f2409834646f729d6dc72a71d302
openvino/cvat_server,docker.io/openvino/cvat_server,sha256:d41af1b3ee72e6494143c793d9bf785ca660fd899543ca6ae796ba6ea63fa92a
openvino/cvat_server,docker.io/openvino/cvat_server,sha256:eaf51fe2da476fb5239e92302c1148ff29546a76a7ea7c86294e32a8e54645c9
openvino/cvat_server,docker.io/openvino/cvat_server,sha256:4e434a7d04e9007cf1e666b480bb65c6de0711bd83e4cb9034d580372b5c8642
openvino/cvat_server,docker.io/openvino/cvat_server,sha256:785d105d2ecff1d609993de31770bf174cf0d3fd0b4115ab0cf61191eef57d29
openvino/cvat_server,docker.io/openvino/cvat_server,sha256:0b84c8d5b1cd92d0c6cdf37fa78ca8e2d0dbead4c88621299b5896d333f6716a
openvino/cvat_server,docker.io/openvino/cvat_server,sha256:504eba431d8bd09fcefcb31ed54afe137ec4092a69daffc04f0338fdd83bb363
openvino/cvat_server,docker.io/openvino/cvat_server,sha256:2650298f6374c175855ed67955130defbc0373eef41cccc833b1604370ca85f2
openvino/cvat_ui,docker.io/openvino/cvat_ui,sha256:97518928ae5f3d52d4164b314a7e73654eb686ecd8aafa0b79acd980773a740d
openvino/cvat_ui,docker.io/openvino/cvat_ui,sha256:a4e1564120377c57f6c7d13778f0b12977f485196ea2785ab2a71352cd7dd95d
openvino/cvat_ui,docker.io/openvino/cvat_ui,sha256:e0bae2ade5ec5d4a95703ac5d449bb058ef7ed0076fbe81bf4bee15e7587d190
openvino/cvat_ui,docker.io/openvino/cvat_ui,sha256:3f3577460f48b48cdb31034e3efd3969d4cfa788495ddc3c0c721d0cb4503ca8
openvino/cvat_ui,docker.io/openvino/cvat_ui,sha256:e362c27513c3158f887a4eff0cea4b87b6b379be655a39c1e3c02e76e6b53678
openvino/cvat_ui,docker.io/openvino/cvat_ui,sha256:a2402c2da4733ff9c5b44fee234b9407cd120a9817c6bb2ffc9d10e9508c1540
openvino/cvat_ui,docker.io/openvino/cvat_ui,sha256:88cba11bd1f3426644420f5fa58f882c6e0147dbc3219d3092eb1f45c803938c
openvino/cvat_ui,docker.io/openvino/cvat_ui,sha256:de6a82ef5d18935a26a956120648039c136c8502d469573ea674bdad92afd1f5
openvino/cvat_ui,docker.io/openvino/cvat_ui,sha256:e88a6a3cccabb958abff7ff3e90a7c22a2016fa3ce6b1a79669a3a58838d79cb
openvino/workbench,docker.io/openvino/workbench,sha256:7b1a6ab2e44dbac178598dabe7cff59bd67233dba0b27e4fbd1f9d4b3c877a54
openvino/workbench,docker.io/openvino/workbench,sha256:28960dbd0a4ea29bc30f928a286e664055de0f5d393f08220d4e8d1e98446785
openvino/workbench,docker.io/openvino/workbench,sha256:f2006330e6daa91f8452cf0b987fdaf83d50b29e55b85f81c132d21ca2d31777
openvino/workbench,docker.io/openvino/workbench,sha256:5d9c8df116891a372fee636d659dfdb638512502fff9371959a1d858a87340e2
openvino/workbench,docker.io/openvino/workbench,sha256:e2fa32bdf2343dd7dcbd75f594c51ab5e384ed44ac5ec0720f033af994e8160c
openvino/workbench,docker.io/openvino/workbench,sha256:398aa08cdaf0257149e7a2353a51a3e6d5f8e88916e9154da7bc45f50e006954
openvino/workbench,docker.io/openvino/workbench,sha256:0b2b1847d48ef61b6b75ae00d8b5722dd953dea5ca95fe6d76191271d793efa9
openvino/workbench,docker.io/openvino/workbench,sha256:7db43608c484290b182281bd754fa85d341748d81342cf66d4afffeb89225903
openvino/workbench,docker.io/openvino/workbench,sha256:168959fabdd620104a581a2bf03beee5920c3973b1c874ddfae7e7bb48e4e9e1
openvino/workbench,docker.io/openvino/workbench,sha256:8e7235a026ed64034fb31268fcdc43b542833a64ee74a04f6b3d0d346dea0e85
openvino/workbench,docker.io/openvino/workbench,sha256:1109141096a0139f511bb4e15f76ca8d3713e0c290fe9afd40599a3953efaf92
openvino/workbench,docker.io/openvino/workbench,sha256:5ba37bea188b5a8759a1231d72a874f998e6e3b24e3eabce87944ca0d24932a5
openvino/workbench,docker.io/openvino/workbench,sha256:e6c380d0524c094acf27cd668de8e41d7f6219b4a7bd5632e76c98d90a5f9da1
openvino/workbench,docker.io/openvino/workbench,sha256:b845f658059aa8b103d3b9d983e52a1bd65e0a8ab4b7f249c14e79de68ca6f8d
openvino/workbench,docker.io/openvino/workbench,sha256:99499d7c549949e5fb5ff72497af7a20f6b093ac8601e50a47d0729c0209be86
openvino/workbench,docker.io/openvino/workbench,sha256:74df6c5226e59bac42065a4b1be4d6b9c7055ff8fd0ca56e008c681e424e0f04
openvino/workbench,docker.io/openvino/workbench,sha256:8989061945c9eb95286baab66b4b6de1fa710bddb3980c5eba948a012edce58f
openvino/workbench,docker.io/openvino/workbench,sha256:e0abe557d5c86155fa545216b29fe3add04783f1ff4174457ba5fc4f0bf4227e
openvino/workbench,docker.io/openvino/workbench,sha256:9c536bdf5a5226bd38f97877bf31b5de0fcc34f553f3b0b34648099ff92a9868
openvino/workbench,docker.io/openvino/workbench,sha256:310956947696de8730bc5e097683e3f402dc498e23392314393a1d92c9ef2130
openvino/workbench,docker.io/openvino/workbench,sha256:4c0be897ffa4b2c14a749dda6cd8779663729da35edf4d79f584c49b53285b76
openvino/workbench,docker.io/openvino/workbench,sha256:9bc2f8d23450ef61f1130948cfb9f0c55ba6214ef2b373ee8addba06d44d50ea
openvino/workbench,docker.io/openvino/workbench,sha256:9c45eda99638c48ca1ea948aee56fb73a8ac95b180f60cee8fdaa9ec75d73811
openvino/workbench,docker.io/openvino/workbench,sha256:5bbed552e9465df6f07c95a9e9091f419d4ea0ede3eeede8af92271ab460365c
openvino/workbench,docker.io/openvino/workbench,sha256:6057e37cd4d37c017629a7d494946fecc01962900f1cc55f6c4d51152970dd0b
openvino/workbench,docker.io/openvino/workbench,sha256:b600b22aaedf2295633d4e1a25a3ddd7bf4fd627e653e4f9f0ae0290c37f22b2
openvino/workbench,docker.io/openvino/workbench,sha256:82ce3b5c465ce93e9e5d88193ee1f334b9c02bd9b75298920db87562bc216abe
openvino/workbench,docker.io/openvino/workbench,sha256:75cb5f4bbd0196f1ea87ba48128600e04ea9ef816596ef75015ad9af0e680e9d
openvino/workbench,docker.io/openvino/workbench,sha256:4e66a339e28490c87a4a4ad18cd45ae90623aade0f792a303f104158b48502cb
openvino/workbench,docker.io/openvino/workbench,sha256:6e63ebc5658486a6a30074972b0b8e2ac7dbfff408b9d20cdfaee3ed945e9424
openvino/workbench,docker.io/openvino/workbench,sha256:53e5273c55e291425fe5df6975b59b703a18244037358483552e25539bca0b5f
openvino/workbench,docker.io/openvino/workbench,sha256:f154cbc05e4acca8b6ed33c60f8e821648dd50546e419c813742054b9524df48
openvino/workbench,docker.io/openvino/workbench,sha256:0ddc6f59c9624453ecb8751254907e015ebb1ac5a4e110e3031e39c4d55b2a2a
openvino/workbench,docker.io/openvino/workbench,sha256:9527eddc9c3bdcafa45937c79f978c1ce75d6bd64307b6a8e787e104e98ab3b2
openvino/workbench,docker.io/openvino/workbench,sha256:1b94982bb98f0d0076eb2e364c5d400f3abcfc0f1b9cf633ef22e79199d82b33
openvino/workbench,docker.io/openvino/workbench,sha256:1b3f8cf2876a2d2251c75a7cfa4170a2222b238976c1108cd1d26241039384c5
openvino/workbench,docker.io/openvino/workbench,sha256:a9f48e021696036020ceb330f4499351d09bcc7a60f6f085acfeb4426796ff0a
openvino/workbench,docker.io/openvino/workbench,sha256:a18b275839b0d37934eefb184da3e9aa9d0673971163848b648c4e60b360afba
openvino/workbench,docker.io/openvino/workbench,sha256:b768c13b9e1e0784a7ea2feac54b531f2544b443fa2857a001ba3da3515ea0ff
openvino/ubuntu18_runtime,docker.io/openvino/ubuntu18_runtime,sha256:284055322776031bac33723839acb0db2d063a525ba4fa1fd268a831c7553b26
openvino/ubuntu18_runtime,docker.io/openvino/ubuntu18_runtime,sha256:a30a153b9d3db50ccec2a881e4f253cdb8d7c28913a55e005d33871e1b363e88
openvino/ubuntu18_runtime,docker.io/openvino/ubuntu18_runtime,sha256:c04d4b074809ad3aab9f9f19dd991b47b9c6873274243bbb6ca44a9af127a8fe
openvino/ubuntu18_runtime,docker.io/openvino/ubuntu18_runtime,sha256:fd6a63025afa9f365937c39a555bfa1d9b27848b4af9fbde303aab813a3853c5
openvino/ubuntu18_runtime,docker.io/openvino/ubuntu18_runtime,sha256:e5e9afbc0f958e3ed5a85e63a9e9a35e89034290a9c220317b975a0a8ee91a16
openvino/ubuntu18_runtime,docker.io/openvino/ubuntu18_runtime,sha256:ce1dee597a4dc4f67f1eb1c01c2f5c77ffaf9bcf0c670f53ba8a2431c34a4273
openvino/ubuntu18_runtime,docker.io/openvino/ubuntu18_runtime,sha256:af3b57c15501a8e97eab0f5ea65e3c69de9b0d811aa66e7e4995535d9df45c67
openvino/ubuntu18_runtime,docker.io/openvino/ubuntu18_runtime,sha256:ef282318e285cb7796492ce80b72427b6a08450d80093036be16988d328f1ffe
openvino/ubuntu18_runtime,docker.io/openvino/ubuntu18_runtime,sha256:4399f821c67245078f092b594859f54b8a6a104e040672192314ad06fe2e4ed2
openvino/ubuntu18_runtime,docker.io/openvino/ubuntu18_runtime,sha256:e12f26369f8fb9121150bace48c90a6830a406565133c4f2ffdb190e92cffae9
openvino/ubuntu18_runtime,docker.io/openvino/ubuntu18_runtime,sha256:13a195856c954981e10f55788f74076d0fe4c30a04b3130bbe9d46e351562132
openvino/ubuntu18_runtime,docker.io/openvino/ubuntu18_runtime,sha256:822bb25af882f68f0b0fbfd307526f48c64732779cd0375691310652517bf6c5
openvino/ubuntu18_runtime,docker.io/openvino/ubuntu18_runtime,sha256:087b52d16c9d44c56f81a8681d0ecea611db3585ff7f09a24c165cf764f0a55d
openvino/ubuntu18_runtime,docker.io/openvino/ubuntu18_runtime,sha256:d46e18af0ee324249821a040770122d9edcc15f298e08141a0ab2d7f80c8fbc0
openvino/ubuntu18_runtime,docker.io/openvino/ubuntu18_runtime,sha256:12030b4b0f677d0ced03e57ae7e477ca1fad7aa0874278fcf19010c05eacbd2a
openvino/ubuntu18_runtime,docker.io/openvino/ubuntu18_runtime,sha256:d55a3ef71f7faf3c7fced5800a9a3f87255b09c9934e27939ce0b530f4f498aa
openvino/ubuntu18_runtime,docker.io/openvino/ubuntu18_runtime,sha256:684d5967f21cd6750b3e6fedbefe745fe0c15f53b795c4ce53963d01c99d9f2a
openvino/ubuntu18_runtime,docker.io/openvino/ubuntu18_runtime,sha256:a180e9232ab514ac7d2008a0191e87aadde9ace47264f2d53ff940042ffbf770
llnl/merlin,docker.io/llnl/merlin,sha256:7595c8c21622ea8a8b9778972e26dbbe063f7a1c4b0a28a80a34ebb3d343b586
llnl/merlin,docker.io/llnl/merlin,sha256:d13af8ca898f36af68711cb67c345f65046a78ccd802453f4b129adf9205b1f8
llnl/merlin,docker.io/llnl/merlin,sha256:70799171ddba93a611490ba3557d782714b3f4da8963d49ac8726786ba8274a5
llnl/merlin,docker.io/llnl/merlin,sha256:b6c12202c5ef07dc9eb8f9d9e71407064684ed70f8c4040b62679b7d30200840
llnl/merlin,docker.io/llnl/merlin,sha256:1c08c232a15033a9f85c913971e0854b7e9328637750d996fba9b05cd6db06fc
llnl/merlin,docker.io/llnl/merlin,sha256:5f1234d993e20448908896d11656ab7eec5ffee57fbb6cc47c610b784d85315b
kitware/diva,docker.io/kitware/diva,sha256:976a760c94fcdd7d105269ae621e8269e7bb25a58c52ae667b4029a6bc7e33cb
kitware/diva,docker.io/kitware/diva,sha256:c58992f3c37bb64aeba18910408cda9a7a63e212fe27e95065a8d54130ca5926
kitware/diva,docker.io/kitware/diva,sha256:0ca0e5e7f12e6eb512246aea5579fcb771fe7203bc60944384d5cd7962f87ddb
kitware/diva,docker.io/kitware/diva,sha256:f2a274cc00ca5f671b1740c43672dbc96504760cee585e7604029a3fe56854a8
kitware/diva,docker.io/kitware/diva,sha256:18f6bda03f84372b23d132688ce5dcf2804b4d348fb2de17b0d2781683d3fca7
kitware/diva,docker.io/kitware/diva,sha256:440e5e4bf99bfd2133ec7ca12b49e166b4407646505213eadd0ae48656d12f19
kitware/diva,docker.io/kitware/diva,sha256:9efec85da40212d1378bdd3a65dd42c99f1c6bf1af8919f264be29df18dea84e
kitware/diva,docker.io/kitware/diva,sha256:c4d36a838ac7ddb03da975b75be684cef2c5e763e4adb063307725988d24db6e
kitware/diva,docker.io/kitware/diva,sha256:2c30398ef7e3ed95756db54c31e24b3af742216e03143a622c94516466f63ae2
kitware/diva,docker.io/kitware/diva,sha256:8fd70f952b09f53d9e1f3ea199b6582d25f242bb83a62fc28725ba1bae84bf9c
kitware/diva,docker.io/kitware/diva,sha256:e0a5460f112d6cbaff11fec83c130771f35b95b34aff13b1f9619c7d448f41f9
kitware/diva,docker.io/kitware/diva,sha256:787063bb83813b34b52eaec07fde1ebd58974cec615d54990bf184a63bbc595f
kitware/diva,docker.io/kitware/diva,sha256:e6adb5353cba728513a76ce8c864c39e9b71991602b93256456ec65a1122c2bf
kitware/diva,docker.io/kitware/diva,sha256:7778ccfe74c82c306311c187ccaecedea5cb2b9799a647e3e13869104a384460
kitware/diva,docker.io/kitware/diva,sha256:712cd2acfce7e820b9010963d25babac8241c2738eb54db0ed76eab4a00e44b6
kitware/diva,docker.io/kitware/diva,sha256:520987b9857c8bd4945dfc5d86b3c49580db7e7463843caa77aded07b9a44fff
kitware/diva,docker.io/kitware/diva,sha256:9ec574cac38f901423b5640f42eb5c71390ab78dbc71a09924d6a6db56a80851
kitware/diva,docker.io/kitware/diva,sha256:5b428bcaa5d145340bbcaf5c4f302363c314aa7f8e9bd03df2cb73ebf4c9a5a6
kitware/diva,docker.io/kitware/diva,sha256:9e408803e83dacf356b9009182117a1686e473db738a43d3c0a819ed28565306
kitware/diva,docker.io/kitware/diva,sha256:45c08f6e3ae52a13125fb513b0300f7d5712afd4f53849e151f27ebdef9c6e2a
kitware/diva,docker.io/kitware/diva,sha256:fb8d2349cd6b1699aa5a61101e4318c1641655a0781367790e529c40e8dfeeac
kitware/diva,docker.io/kitware/diva,sha256:ff0cf3299807de6903b4dced1a453d678bdefebd4788743f40fd1db11fc9fa8d
kitware/diva,docker.io/kitware/diva,sha256:0f08e5a0659bfce95b0cda8406fc3c49744787dcb72b720f69190c67d66ff805
kitware/diva,docker.io/kitware/diva,sha256:d17d327f7f1055d8d552bd139e2db3d817dc940d45939ef116b09c1d37c4a184
kitware/diva,docker.io/kitware/diva,sha256:eff74a5b6a19226433791ecce2ada2c567ba96a7d35c795e2c71c02e794fa316
kitware/diva,docker.io/kitware/diva,sha256:9ef287d06c1e9c88c6438aabdafabb962e1e8a30595996421e74b1bd933fa31f
kitware/diva,docker.io/kitware/diva,sha256:f0e4cad1934c864871c470cfcf13cd56b606bbcfc87996441d6964c07d9c9990
kitware/diva,docker.io/kitware/diva,sha256:97d74e416446e318c3f7b1dc54fcab7e042c5f0b8dee1ffa79763f438be68924
kitware/diva,docker.io/kitware/diva,sha256:dde952bd68c3b3883f92a7cdbf763e6523e2cf5d69bdd7edff8bba4088bff22c
kitware/diva,docker.io/kitware/diva,sha256:8d00bd401cff804fd75fee83a1312816efd473684de3f5e8cef71e213bd0d6ad
kitware/diva,docker.io/kitware/diva,sha256:740c4bb82779bff14f3af817af9143ac7089a32c91c9af8e514ec4c5d9df6597
kitware/diva,docker.io/kitware/diva,sha256:98c58dae4ef8cd12cb2c5bbb97ab03d8796b2c30bfdf867e264278a9b4c0e09f
kitware/diva,docker.io/kitware/diva,sha256:c3ad1ac91fbe871bbbd81ca8f5afd02d88905f3c907b750f5c342b388e31fc09
kitware/diva,docker.io/kitware/diva,sha256:f1c6ffcfa8bbe0a2979b42ac6e1fbfb4d49176999b776ec22ee3764b66b106d2
kitware/diva,docker.io/kitware/diva,sha256:0526589e7dd853fd60719a566ae2af1fc803f9c850951fc04de26a15193d12d1
vanvalenlab/deepcell-tf,docker.io/vanvalenlab/deepcell-tf,sha256:feac5306138255e28a9862d3f3d29025d0a4d0648855afe1acd6131af07138ac
vanvalenlab/deepcell-tf,docker.io/vanvalenlab/deepcell-tf,sha256:2084e687d947b7630582e610e4d55c02066260ab2a625f9f9c56913688391d24
vanvalenlab/deepcell-tf,docker.io/vanvalenlab/deepcell-tf,sha256:c1977c1a783b0538f054e53ca23131fef8d33b5407b58e1eda47d7465ee431d5
vanvalenlab/deepcell-tf,docker.io/vanvalenlab/deepcell-tf,sha256:1e104731da5104252ce9ed84591877b981c747a93b17e610f7c55f71ca06abc2
vanvalenlab/deepcell-tf,docker.io/vanvalenlab/deepcell-tf,sha256:12ac5b2b41cc7fa714fde949358d14c5bb31b8d848b3c8bcb416fa3b8c610340
vanvalenlab/deepcell-tf,docker.io/vanvalenlab/deepcell-tf,sha256:382ce5616702367c91e3e727d55b15e2d98c17102f61bdb6b59380a1ebf0143b
vanvalenlab/deepcell-tf,docker.io/vanvalenlab/deepcell-tf,sha256:6709aee27fc3ff61cc7e206fe78b6c76f2059bcd6274b2b60456e4c1b65532e8
vanvalenlab/deepcell-tf,docker.io/vanvalenlab/deepcell-tf,sha256:fe86d65f944283641483fed7861fd89b90e4f1f99725bbb69d3bbbf75a2028f0
vanvalenlab/deepcell-tf,docker.io/vanvalenlab/deepcell-tf,sha256:0d2af91416f587d1fbb2d81411dbd9b1a40eafc084ee4dba8f476605a6462c80
vanvalenlab/deepcell-tf,docker.io/vanvalenlab/deepcell-tf,sha256:b2926b68a7aa0ccae6ddded2d6cc361b3b8c8e7048e5cf47aa48c6c46512d6f7
vanvalenlab/deepcell-tf,docker.io/vanvalenlab/deepcell-tf,sha256:faf18adb6574f764f2bf9b80bca52a60121a95693f22325b240fb09b574ea888
vanvalenlab/deepcell-tf,docker.io/vanvalenlab/deepcell-tf,sha256:e5abad11e261f242625f52a018a2f62946bed30c1ccb7e1068831c7170ee6583
vanvalenlab/deepcell-tf,docker.io/vanvalenlab/deepcell-tf,sha256:54984526331d4b209d49aeb1a3937307fdeca59d86c7ab15355e7df1d5069025
vanvalenlab/deepcell-tf,docker.io/vanvalenlab/deepcell-tf,sha256:4dc2afa00871d7689f1d464de1f12bcdf3a655ca88d602c629ecaa306300f1ad
vanvalenlab/deepcell-tf,docker.io/vanvalenlab/deepcell-tf,sha256:d924e73de7b7cd561155c50c4681b22cc398861ec250451af2f4327a4b72429d
tnarik/malmo,docker.io/tnarik/malmo,sha256:6bbedd9b76a496816d86a0af731ea984f40467ef8fb23be752f801cb80436ac6
tnarik/malmo,docker.io/tnarik/malmo,sha256:fc19d60a83f11bbddc7bd2dfca6095b49100314bfde61d83729112a6b6e11d48
tnarik/malmo,docker.io/tnarik/malmo,sha256:de413bb911fd848383ef2e5068a42c258c898d6ee869fb441fb2391eb327b576
tnarik/malmo,docker.io/tnarik/malmo,sha256:2879a7ad31445fe2cea410b8ba76704003c11ee05c0a4d32d1113009ea1a1aae
tnarik/malmo,docker.io/tnarik/malmo,sha256:668604fde02e75dddb4b44c80d4ce20baaac4832c41c3a945f4a236cd7d2f164
tnarik/malmo,docker.io/tnarik/malmo,sha256:123d052a25ac4aca5d909b7041d43d08d154408dcd313f662df588aa7f08352a
tnarik/malmo,docker.io/tnarik/malmo,sha256:06ad5694759291bbe492b6c9393e47a8df58aafc660e6b3f947d038d700ebe8d
tnarik/malmo,docker.io/tnarik/malmo,sha256:e3f6de11bf69f657e1766c424a7a7565c9b6a10536bef01431abe00dc97b7a26
tnarik/malmo,docker.io/tnarik/malmo,sha256:ebcdf904aac4381abf33b143e2580ddc5ebcef74e3d7cfd94f9de9189a135de5
nvidia/digits,docker.io/nvidia/digits,sha256:99ad4e3ced4d361a0f042c611a6fe5295ed5364287276a96483b80ca85588041
nvidia/digits,docker.io/nvidia/digits,sha256:ec5a723f4e2aa55867633696e9763c27fce7b7a143e30b36571a5f9a3142022c
nvidia/digits,docker.io/nvidia/digits,sha256:2a175e11567c4a374dd86c53ab8744d9ba21046fbed1fea612d1d37ae0e24afa
nvidia/digits,docker.io/nvidia/digits,sha256:8d26426e95e04222aa7782fb871a3beeee110d03b312ed89b428e72c0b747b2c
nvidia/digits,docker.io/nvidia/digits,sha256:46e451596b7c64397d1d3c39cd6ea32a055f456fafaf3ce79a92725c9b47e404
nvidia/digits,docker.io/nvidia/digits,sha256:79f02f6ab0591ba52da7f09aa374779e957be1a11272bb171ac90cfbd4870980
nvidia/digits,docker.io/nvidia/digits,sha256:59d2eaa1372d8ac7f940e64fe0282a406ddc22a00b72226d2c237d53c18b2c60
nvidia/digits,docker.io/nvidia/digits,sha256:4421cd6e3c30c316f6459bf4530b969befc95af0217406c223d74c1fb48e8a27
nvidia/digits,docker.io/nvidia/digits,sha256:9a47758649e571634589e2e75302eaed1206e5180c9984171256ef5072e97a55
nvidia/digits,docker.io/nvidia/digits,sha256:ce8dfeeea4e708a2f80c95276b99e242b47bd1a8bb37bc59b09ea4ec06d97f4b
nvidia/digits,docker.io/nvidia/digits,sha256:0a42029881726c24e68d40bce56279853ef1fe1cd0d71d112c4da130049c0ae2
nvidia/digits,docker.io/nvidia/digits,sha256:505bc2c93c81c05e2f60c42c1bc103bfd0fe9ff1508982766b86f8c129394ab6
nvidia/digits,docker.io/nvidia/digits,sha256:18dccdda6b6ed4eb8dfd74310511e8fa6b0a9316bd897387cee2937d7eed3ea6
nvidia/digits,docker.io/nvidia/digits,sha256:a0dbf08682d24f6fee1eb92e51366ed3677c638e9a08445c968b7ea1afd45ab2
nvidia/digits,docker.io/nvidia/digits,sha256:2795e82bc224e8897fdd366da10d7f25e6f120e631cb163a1c890bdc22be5f01
nvidia/digits,docker.io/nvidia/digits,sha256:a5f44492569ebe4850728b890971e39894ea8cdc837ddef3942fc813c95ead11
nvidia/digits,docker.io/nvidia/digits,sha256:e10245179830bc5dafef4a3d8a6ce7a5915f465691e9016e7e7abf01a8835747
rlworkgroup/garage,docker.io/rlworkgroup/garage,sha256:25fa05cd42bd8fabb25d2a6f3f8c9f7ab34637903d00fd2ed1c1d0fa980427dd
rlworkgroup/garage,docker.io/rlworkgroup/garage,sha256:ba7a2a442ecafb70989ed4bf2d620a8d25a57443627ed23d4f72e755fc1da4b8
rlworkgroup/garage,docker.io/rlworkgroup/garage,sha256:e643547f77a82d41202283bcfb3694f6fce10f05c18c040dba2f1cfd2d981123
rlworkgroup/garage,docker.io/rlworkgroup/garage,sha256:07b95424c3fe23a3f3c6511e2ed8b9768a445e61d6b31620fbd0d2629b601a49
rlworkgroup/garage,docker.io/rlworkgroup/garage,sha256:4f4fb700ef54461cfa02571ae0db9a0dc1e0cdb5577484a6d75e68dc38e8acc1
rlworkgroup/garage,docker.io/rlworkgroup/garage,sha256:e97dbab9f3342a08bc4a49a504907dfc98324b7fbc65b495ef3c79286807edb2
rlworkgroup/garage,docker.io/rlworkgroup/garage,sha256:59efc8c4ec795df549e6a9b32a4d8bbdf75d023aff9efd4bcd082ff77f7869ca
rlworkgroup/garage,docker.io/rlworkgroup/garage,sha256:bfd330cc9f1c294ba06b5785473ee0a93faf63c3f84cd0b96258e79dc9b453da
rlworkgroup/garage,docker.io/rlworkgroup/garage,sha256:a801a873e7118e10fdc8efd96f2cd0479d63dfd1f48106d6441cdd8d900f0b17
rlworkgroup/garage,docker.io/rlworkgroup/garage,sha256:a5feb8117388995532e6527ffab5eb3042f58844c906b4b3e1a5e0339aefe847
rlworkgroup/garage,docker.io/rlworkgroup/garage,sha256:c6b4dd912ba36c4b2712500e4584bacf272d96e2a47cfd73febddee405294178
rlworkgroup/garage,docker.io/rlworkgroup/garage,sha256:3723c82ec5b66ee4c27d1933f89bc39433224199c4863645a0ad830fb576bc15
rlworkgroup/garage,docker.io/rlworkgroup/garage,sha256:2b4c0bf0bf695012b9e226448469b27a4c1ad26a04f46474716175224aba358b
rlworkgroup/garage,docker.io/rlworkgroup/garage,sha256:3a70d291c8e4999f1f7808377460cfe414e8c3f69498278f23a03ae35edf6d5f
borispolonsky/vizdoom-pytorch,docker.io/borispolonsky/vizdoom-pytorch,sha256:b234f539f7a1d65eabae1617e63c81ac01768abffd48b5cbbf7166efca6a3429
borispolonsky/vizdoom-pytorch,docker.io/borispolonsky/vizdoom-pytorch,sha256:55172d420b43cf03feeec11bcc917c7ddfc192036102e065ab57aa9abb95311e
borispolonsky/vizdoom-pytorch,docker.io/borispolonsky/vizdoom-pytorch,sha256:5ba5bbeb6b91e2676c98255c6babc66d7b05cac40185eeba4b3773199c701da0
borispolonsky/vizdoom-pytorch,docker.io/borispolonsky/vizdoom-pytorch,sha256:43ae2841ad7a7fd1aeae30028105cac7f6ee0ec955e5229e52b3333fea3c17b5
borispolonsky/vizdoom-pytorch,docker.io/borispolonsky/vizdoom-pytorch,sha256:f6c9c6de41905e9a66f2bc2c4a19858c8dc5b0a94f01e03eafc719afe25888aa
borispolonsky/vizdoom-pytorch,docker.io/borispolonsky/vizdoom-pytorch,sha256:ae8674e81eb98160ee8743524cdc0ff409adc2a00f9d155d2537eb5e48276577
borispolonsky/vizdoom-pytorch,docker.io/borispolonsky/vizdoom-pytorch,sha256:a7db0a31b4dea19da68203d37763383e167d8e8333fbb391d285f28bf5f637e6
borispolonsky/vizdoom-pytorch,docker.io/borispolonsky/vizdoom-pytorch,sha256:9ff4bf740ec92ad41eed34c2f804847763f0db60ef0730bc90f03796d3889b12
borispolonsky/vizdoom-pytorch,docker.io/borispolonsky/vizdoom-pytorch,sha256:1e42741324c225f7e6cd027b7e23855b2adbfb9b31ac7b37b8e5ef376204d2ea
borispolonsky/vizdoom-pytorch,docker.io/borispolonsky/vizdoom-pytorch,sha256:25e2df48eaa70c34183738d01a319fd19fd0c52f2eb65f011f078f5b1781fcaf
borispolonsky/vizdoom-pytorch,docker.io/borispolonsky/vizdoom-pytorch,sha256:bbd6645e8052ef1dac76aef5b52e905fd6bed7eadd291003df191825d97dfa27
borispolonsky/vizdoom-pytorch,docker.io/borispolonsky/vizdoom-pytorch,sha256:5c5b430a90fb5d1baeebb073b2653cdfc7bec4b0faa1c616c2b5ae5788fe656f
borispolonsky/vizdoom-pytorch,docker.io/borispolonsky/vizdoom-pytorch,sha256:3728af51f186d9a62b12a0ed92bcad47d239aec2b2e0bd9bd2ecd11e28a261aa
borispolonsky/vizdoom-pytorch,docker.io/borispolonsky/vizdoom-pytorch,sha256:0e7a42f29f103a6510a36142eb3fc5388aab049caefe35aab945bf54f3d10657
borispolonsky/vizdoom-pytorch,docker.io/borispolonsky/vizdoom-pytorch,sha256:671516c127774cd4a725526fd9e75bf88fe59dfa13495ab4acdbd6aa6f0b4fca
borispolonsky/vizdoom-pytorch,docker.io/borispolonsky/vizdoom-pytorch,sha256:2d1839b50c7ae4db41b7244c5517fcb08c324cf3816ef75a71e466ae455565d4
borispolonsky/vizdoom-pytorch,docker.io/borispolonsky/vizdoom-pytorch,sha256:64b244c1fc79bf12ba5a4a879f199706ece99d417346408cdf4ec8e3fecf2bde
borispolonsky/vizdoom-pytorch,docker.io/borispolonsky/vizdoom-pytorch,sha256:c6981fb76857b209779f9d55ca4c9d25e9ef691fafe86a4ead7715124818f3ed
borispolonsky/vizdoom-pytorch,docker.io/borispolonsky/vizdoom-pytorch,sha256:ce87985ff181c2e8d9bcd31d1b9c9088960bb767867c4eda7511db6666f1a249
deepspeed/deepspeed,docker.io/deepspeed/deepspeed,sha256:7ddbc47eeb70dc7f08e410a6667948b87ff3883024eb41478b44ef9a81bf400c
deepspeed/deepspeed,docker.io/deepspeed/deepspeed,sha256:c1bbdc448b7263673926b8fe2e88491e5083a8b4b06ddfabf311f2fc5f27e2ff
deepspeed/deepspeed,docker.io/deepspeed/deepspeed,sha256:8c3b70e3904492c753652606df4726430426f42ea56e06ea924d6fea7ae162a1
deepspeed/deepspeed,docker.io/deepspeed/deepspeed,sha256:45d437916d5781043432f2d72608049dcf74ddbd27daa01a25fa63c8f1b9adc4
deepspeed/deepspeed,docker.io/deepspeed/deepspeed,sha256:d8f1569ddae616589c5a2dabf668fadd250ee9d89253ef16f0cb0c8a9459b322
deepspeed/deepspeed,docker.io/deepspeed/deepspeed,sha256:de5a2c57c41d7e713c0c7d9b1b659f9a88bcfd8daf88e26e5fa765394885c48c
deepspeed/deepspeed,docker.io/deepspeed/deepspeed,sha256:ea6f04a005433b76aadde074848126d24f8dbe2f129f357730e9460009e4028d
deepspeed/deepspeed,docker.io/deepspeed/deepspeed,sha256:7b872974e97c3f579d41aee074ef40438a6cd9bae1ba7a816611cfdfc2e23926
deepspeed/deepspeed,docker.io/deepspeed/deepspeed,sha256:ba8a751eb7d974c108c1f55b378f53422061737a0f55d14daef980b18a817a63
deepspeed/deepspeed,docker.io/deepspeed/deepspeed,sha256:4959f8a1fe89792cdc49f32eb5cf6ca82493f3d618e4b89335753b9f1d5eca4f
deepspeed/deepspeed,docker.io/deepspeed/deepspeed,sha256:e35044394dd25a297311fcdfc3e16c0f3448e38daf29a2ab0139cea4e977cbe0
deepspeed/deepspeed,docker.io/deepspeed/deepspeed,sha256:bd69566b38ccbaedce2c9b21e8f3c995923e8afded5a06acc4962308c7a0f57e
deepspeed/deepspeed,docker.io/deepspeed/deepspeed,sha256:73f2a8c747ea6f43b9f7dd8e8d0bca6195fc68755ebdcea7ce8b3c8e56cd4a20
deepspeed/deepspeed,docker.io/deepspeed/deepspeed,sha256:ef87ed6257e8448c3b03c805c6080f2440fdf3f624145f680d8ce42c4c8c9500
deepspeed/deepspeed,docker.io/deepspeed/deepspeed,sha256:54d46421249200c16600639c35a0410bf38c47d20b75317bb22b85ec34f200d7
deepspeed/deepspeed,docker.io/deepspeed/deepspeed,sha256:9151992b2ce20d6e03010a11a1b01ba7528d856116c643e14a07a628459bfad8
deepspeed/deepspeed,docker.io/deepspeed/deepspeed,sha256:fbbaf6dc9447ff73d4da602dcb5953d931aebf226d5484b2206b3bbc27f42813
deepspeed/deepspeed,docker.io/deepspeed/deepspeed,sha256:2f4d58d2231e061a47bcf732833081e449406b87b2525446c3e5b58b2469658f
deepspeed/deepspeed,docker.io/deepspeed/deepspeed,sha256:2f047d9866677f41bd46a39430da69c326d938c796c5c6672d18c7c7167d6988
deepspeed/deepspeed,docker.io/deepspeed/deepspeed,sha256:1f0c77316dc4adf0f7522a4a1e85b6f25d6413e0e9956f85a55327ace3e87143
deepspeed/deepspeed,docker.io/deepspeed/deepspeed,sha256:04fbefaadf80a8b2b73f6b1fae3a140ef08580357cf0e595a1a84fa6a319c116
deepspeed/deepspeed,docker.io/deepspeed/deepspeed,sha256:79b1a63dc8abe3cd23aa0d77c4f2cf6bb2abbef8ed8e85db517c0b4941aca6a0
deepspeed/deepspeed,docker.io/deepspeed/deepspeed,sha256:5c8d8f0c0aa0659c934f0cac50d234ed8ab82b169cd5f541b88ec4d62f6504c8
deepspeed/deepspeed,docker.io/deepspeed/deepspeed,sha256:c887764d823c20f25ab3e338ebbaaaaa26d6f3f79359792afc9c130dd8884941
deepspeed/deepspeed,docker.io/deepspeed/deepspeed,sha256:556c2f3ed76b3bde731cb72bb6f56ebd88bd8fe242cac7a1e56dbb63ae1f5b61
deepspeed/deepspeed,docker.io/deepspeed/deepspeed,sha256:1ca68caaa74479e03f2b639860382b31acf2c88864c1085e94fa2e26ae9cb3cf
deepspeed/deepspeed,docker.io/deepspeed/deepspeed,sha256:f2da2739af645d7bd435fcc0bce63fc0c25ca30795d42224222dc4d157584954
deepspeed/deepspeed,docker.io/deepspeed/deepspeed,sha256:aee69befe2c54244acd1ec05752d6c42b7d09306f8cb55496cb29485cba5e7c7
deepspeed/deepspeed,docker.io/deepspeed/deepspeed,sha256:4e39f30f6f3d91fa2b7ffbaec657d6aa74e72823c30a78cc5ddb29367f2b86c6
deepspeed/deepspeed,docker.io/deepspeed/deepspeed,sha256:dc310947cbad12c547d6a5a59425a442d029c913a41947ef46fcd845cccd9149
deepspeed/deepspeed,docker.io/deepspeed/deepspeed,sha256:f9cdeaeb6acd8872c52e897233a639aad90a82c4fd64e64d461122fd6b16e85b
deepspeed/deepspeed,docker.io/deepspeed/deepspeed,sha256:ae476d3145cb756e79f184ad98171c111462a26eb9d3035fa9b3cf3099599ec1
deepspeed/deepspeed,docker.io/deepspeed/deepspeed,sha256:c4b08f1a2b65129ccaad62a27c79ddcd0241aed4d9079ae661f79b2dbdd98b97
k4yt3x/video2x,docker.io/k4yt3x/video2x,sha256:3f2411103a12c8e169df7a9ea00ff26ab07501858e3eff315a2e11c219e78ce1
k4yt3x/video2x,docker.io/k4yt3x/video2x,sha256:4da04088b2c299c17ae8a78858846c6fd4a6c36717baa816974cc75bef632871
k4yt3x/video2x,docker.io/k4yt3x/video2x,sha256:ab1184837b6f6f4a130c8b4eb72f576b86c4c46b3e33dada4740a966948d98e6
k4yt3x/video2x,docker.io/k4yt3x/video2x,sha256:354c6da61dcc176c5b363ded571bea1de41b718131658fa0e563f2a749028cd1
k4yt3x/video2x,docker.io/k4yt3x/video2x,sha256:00ada3a8a8cacdb3671515cf972f34b502a10d1aa8745d67c01c3763bb345826
k4yt3x/video2x,docker.io/k4yt3x/video2x,sha256:d5d5371c1366cdf4a0a40e041f30a7e2161d110eba856303f72591ad36a2699e
allegroai/clearml-agent,docker.io/allegroai/clearml-agent,sha256:7ddbc47eeb70dc7f08e410a6667948b87ff3883024eb41478b44ef9a81bf400c
allegroai/clearml-agent,docker.io/allegroai/clearml-agent,sha256:c1bbdc448b7263673926b8fe2e88491e5083a8b4b06ddfabf311f2fc5f27e2ff
allegroai/clearml-agent,docker.io/allegroai/clearml-agent,sha256:8c3b70e3904492c753652606df4726430426f42ea56e06ea924d6fea7ae162a1
allegroai/clearml-agent,docker.io/allegroai/clearml-agent,sha256:45d437916d5781043432f2d72608049dcf74ddbd27daa01a25fa63c8f1b9adc4
allegroai/clearml-agent,docker.io/allegroai/clearml-agent,sha256:d8f1569ddae616589c5a2dabf668fadd250ee9d89253ef16f0cb0c8a9459b322
allegroai/clearml-agent,docker.io/allegroai/clearml-agent,sha256:85386706b02069c58ffaea9de66c360f9d59890e56f58485d05c1a532ca30db1
allegroai/clearml-agent,docker.io/allegroai/clearml-agent,sha256:ee9b457b77d047ff322858e2de025e266ff5908aec569560e77e2e4451fc23f4
allegroai/clearml-agent,docker.io/allegroai/clearml-agent,sha256:be4f3343ecd31ebf7ec8809f61b1d36c2c2f98fc4e63582401d9108575bc443a
allegroai/clearml-agent,docker.io/allegroai/clearml-agent,sha256:30b4effda4fdab95ec4eba8873f86e7574c2edddf4dc5df8212e3eda1545aafa
allegroai/clearml-agent,docker.io/allegroai/clearml-agent,sha256:6c96206e282e768ebd70d5147f1afd6e72fb7cbdca0ebaa5cf4cbc2ab0a5be9f
allegroai/clearml-agent,docker.io/allegroai/clearml-agent,sha256:cf6455a2169032bb2c0ec3e4304f66bb20161bf3bc87f208babd4f85d812f3fe
allegroai/clearml-agent,docker.io/allegroai/clearml-agent,sha256:1197145eb4d225b07c75821d8ae2308116b50ec748fb41bdff26bfdd1598385c
allegroai/clearml-agent,docker.io/allegroai/clearml-agent,sha256:a0dde2efa98a10895ad5beb65c0a7f57c2b3e47c82ae166a675ccc17c4260b38
allegroai/clearml-agent,docker.io/allegroai/clearml-agent,sha256:4cc7a92ddc45c902f7c40624af8866d581088cc7b57f58aee8741de9377b42be
allegroai/clearml-agent,docker.io/allegroai/clearml-agent,sha256:39dc78374b7529407e19b827e0a0ec9780a5f5fb7064cc887b4919a8ce66afdd
allegroai/clearml-agent,docker.io/allegroai/clearml-agent,sha256:066eed71637cd2520c3c00efbe91fa3f328ac5252982bfd46fd715aae0f5ac59
allegroai/clearml-agent,docker.io/allegroai/clearml-agent,sha256:3da6a68b0e3d0bcb7fb705621849a7d125435cd3f663abddef6d09b3f1835afe
allegroai/clearml-agent,docker.io/allegroai/clearml-agent,sha256:2258fb382285e2af8292cf4bb4d98e2a813cef7c06e1543bf3f91062e69f8eff
reiinakano/xcessiv,docker.io/reiinakano/xcessiv,sha256:ad74af05f5a24bcf9459ae1cf7718628c2aeb6b587eb51b6eeaf639aca3e566f
reiinakano/xcessiv,docker.io/reiinakano/xcessiv,sha256:2b032b8bbe8bc215ad3337035d0183fc353841ec6478d1c481e6e13628ad9e00
reiinakano/xcessiv,docker.io/reiinakano/xcessiv,sha256:a9a5b35f6ead105e66a9af969454ac09b5772eeb0c6281972c48d2ce882e8eba
reiinakano/xcessiv,docker.io/reiinakano/xcessiv,sha256:3245b5a1c52cbf0ae23d948fb94ef7b321e3dc54e13c3f6cf79951ed8237f03e
reiinakano/xcessiv,docker.io/reiinakano/xcessiv,sha256:032924b710ba95b71e9a2d971e705bab895ddf7a219994c2cf8761f6959e62ed
reiinakano/xcessiv,docker.io/reiinakano/xcessiv,sha256:fd37168d02bb8082a71071fc60cd3532ec4f92ef3f1fe2a7cdbbe87ba66b8618
reiinakano/xcessiv,docker.io/reiinakano/xcessiv,sha256:8804355f837124bed3a955307ad53b9bc5fdf955dd545d80e9242c9cb8451080
reiinakano/xcessiv,docker.io/reiinakano/xcessiv,sha256:a19b278d4ccdad3de517aa7053410d76c056916f278103fe36aaf91504315303
reiinakano/xcessiv,docker.io/reiinakano/xcessiv,sha256:5009cef35a6b536e0f09413ed20053649003aea47e5021c26d7cb70dab15ad78
reiinakano/xcessiv,docker.io/reiinakano/xcessiv,sha256:da7430a4280eea671a06967b0fc501ebd94183963d815f23873bc90e8fbaff0c
reiinakano/xcessiv,docker.io/reiinakano/xcessiv,sha256:adbdf7fff084c8253dda4b44425fd1bf10d14ec8cc06bcc461985271449017ba
blazingdb/blazingsql,docker.io/blazingdb/blazingsql,sha256:feac5306138255e28a9862d3f3d29025d0a4d0648855afe1acd6131af07138ac
blazingdb/blazingsql,docker.io/blazingdb/blazingsql,sha256:5b3518e74a8d34a3dbea434d8b68297ae3758cbb45117cd365fad4eba964762d
blazingdb/blazingsql,docker.io/blazingdb/blazingsql,sha256:33ded242bf1288abd56e78b424d665dd44eecdeb8721df9e0aea6cad29cb6add
blazingdb/blazingsql,docker.io/blazingdb/blazingsql,sha256:fed604094fd5a9dde191982b69321f0ee60c2912cacc6509eec2c445dead9fb6
blazingdb/blazingsql,docker.io/blazingdb/blazingsql,sha256:be1982caa7174a8b5189679500fe41e37ad41827ac1152199ff848cdc0cefa0c
blazingdb/blazingsql,docker.io/blazingdb/blazingsql,sha256:c48d7feb5444c720f936615d11b5c08bf6585eaff62b39d596179b4ce573b1c3
blazingdb/blazingsql,docker.io/blazingdb/blazingsql,sha256:dd4ca4065f925c65c8c828b9b5d9d9050d822b1f7706d6a295e720ce63181f5d
blazingdb/blazingsql,docker.io/blazingdb/blazingsql,sha256:fbeb98d58437e41c679b11a3f01abbc282ae1b220daa81f56b03f7c917c740b6
blazingdb/blazingsql,docker.io/blazingdb/blazingsql,sha256:8e34ffcd0efd07b087ee044b94c69722ca311a50f10069ba6b86bc65caf63f8e
jolibrain/deepdetect_cpu,docker.io/jolibrain/deepdetect_cpu,sha256:7b1a6ab2e44dbac178598dabe7cff59bd67233dba0b27e4fbd1f9d4b3c877a54
jolibrain/deepdetect_cpu,docker.io/jolibrain/deepdetect_cpu,sha256:f89cba69ce11d75767d3ed787a417adbc25afd3f34106e6ef3673a9d98f30592
jolibrain/deepdetect_cpu,docker.io/jolibrain/deepdetect_cpu,sha256:491f223a609e4cf136285d2be2ce84f6e045dd51b3c1affcb9827daa4686e8b4
jolibrain/deepdetect_cpu,docker.io/jolibrain/deepdetect_cpu,sha256:4f84a6caf730114f0492f40080f8ad13f51a7d00ea001f4fdd41fb052334edea
jolibrain/deepdetect_cpu,docker.io/jolibrain/deepdetect_cpu,sha256:7bdad05b77dfda0aea1e9424f1ef40c6e569be0a1da33e41c3ee6bd3457e4022
jolibrain/deepdetect_cpu,docker.io/jolibrain/deepdetect_cpu,sha256:38b4921c729d0dd0cf4b77fb9ecd6c10d08b075572eff873b1791b30f1b6b31c
jolibrain/deepdetect_cpu,docker.io/jolibrain/deepdetect_cpu,sha256:9a776e3d9f529b2617b71250f328a9cd895b10a035453041c93e61e9a62e0581
jolibrain/deepdetect_cpu,docker.io/jolibrain/deepdetect_cpu,sha256:b74016992d3bf55b75478bbcb2276ae9b4a925275c6718bfa47324b032b58d63
jolibrain/deepdetect_cpu,docker.io/jolibrain/deepdetect_cpu,sha256:d643a46271a8f5e527a9c82c2b9937a894e946c0a5a15b418ff509e4d20378e6
jolibrain/deepdetect_cpu,docker.io/jolibrain/deepdetect_cpu,sha256:12821c0887c3b7d543d00c2c16e78bfd1994d1b24b33625b4b3f35058db1371e
jolibrain/deepdetect_cpu,docker.io/jolibrain/deepdetect_cpu,sha256:0ff7706474537c96de7f45aa7cb145c0724277c50e1f470d539ca723b2fe7d48
jolibrain/deepdetect_cpu,docker.io/jolibrain/deepdetect_cpu,sha256:7a718e09f738caa002bc1fb178175aeda45e67fde4c779266f11ed5c53e93c3f
jolibrain/deepdetect_cpu,docker.io/jolibrain/deepdetect_cpu,sha256:e5a413fa30dbbb7175023e3c959aefc81cee959427ee80ca9d3129d8c8fb17f6
jolibrain/deepdetect_cpu,docker.io/jolibrain/deepdetect_cpu,sha256:28f1549d6d5aa015cfbe27b691c5ea6b55c0db59567322e85eb4a84e057220ff
jolibrain/deepdetect_cpu,docker.io/jolibrain/deepdetect_cpu,sha256:3b21f07fc31079db69b4afcce76fe310f545500858d5b673610979f6bb1b93bf
jolibrain/deepdetect_cpu,docker.io/jolibrain/deepdetect_cpu,sha256:18657d751bdd307c165c6d855d7d2530a8063dc435b5654faac80962860e1176
jolibrain/deepdetect_cpu,docker.io/jolibrain/deepdetect_cpu,sha256:1aa346f68272495946bc5aaae2363bba9cbdc64f9b83637f3b267d8b5e4ce75d
jolibrain/deepdetect_cpu,docker.io/jolibrain/deepdetect_cpu,sha256:4f4fb700ef54461cfa02571ae0db9a0dc1e0cdb5577484a6d75e68dc38e8acc1
jolibrain/deepdetect_gpu,docker.io/jolibrain/deepdetect_gpu,sha256:da7391352a9bb76b292a568c066aa4c3cbae8d494e6a3c68e3c596d34f7c75f8
jolibrain/deepdetect_gpu,docker.io/jolibrain/deepdetect_gpu,sha256:14428a6d4bcdba49a64127900a0691fb00a3f329aced25eb77e3b65646638f8d
jolibrain/deepdetect_gpu,docker.io/jolibrain/deepdetect_gpu,sha256:2c2d948710f21ad82dce71743b1654b45acb5c059cf5c19da491582cef6f2601
jolibrain/deepdetect_gpu,docker.io/jolibrain/deepdetect_gpu,sha256:0ebd322634c152b4ecbb5de4a47fa86965c34fadeb4c4b54552ff6ea0baf0fee
jolibrain/deepdetect_gpu,docker.io/jolibrain/deepdetect_gpu,sha256:36520dd466acdd34058f9863bfa50ae1d851ceb0cae918256f16e76704f63bbc
jolibrain/deepdetect_gpu,docker.io/jolibrain/deepdetect_gpu,sha256:fe6ccac2e64be7b88f47141db9285b3137acaacfcf0a4914c1fbdb1728434ea6
jolibrain/deepdetect_gpu,docker.io/jolibrain/deepdetect_gpu,sha256:d98e4e0e26f4ff99bbfcd244a5d2aa5b521b1d8bfc5cbb98263a0b36f635d957
jolibrain/deepdetect_gpu,docker.io/jolibrain/deepdetect_gpu,sha256:412f64f300b1fe968c6803cb073862c5d3e3862110bca65c1e783d8d43c8a96f
jolibrain/deepdetect_gpu,docker.io/jolibrain/deepdetect_gpu,sha256:e30405f66334ef85ec034e66ae10f973299d106574fe3874cb789c5585471796
jolibrain/deepdetect_gpu,docker.io/jolibrain/deepdetect_gpu,sha256:9a83b7ea7b8fe2dc8089b1f7334db80629713111e07009e3a646fd2075f630cd
jolibrain/deepdetect_gpu,docker.io/jolibrain/deepdetect_gpu,sha256:1099228b73aa43b77790a1acc88b2aeaf996dc0c99d8e6249edae1e392386481
jolibrain/deepdetect_gpu,docker.io/jolibrain/deepdetect_gpu,sha256:4dd2f244786b02f5b27aefe392757df7a439f135a12bd9786cd58c2e323c0f4a
jolibrain/deepdetect_gpu,docker.io/jolibrain/deepdetect_gpu,sha256:cacf53799277691c8694807cf9b2bf984d79c137c379d19c48a13022090b404a
jolibrain/deepdetect_gpu,docker.io/jolibrain/deepdetect_gpu,sha256:e809e97f78e03385033a89c18e3bf21dc0b54b581fec68080cbce495f6c46e87
jolibrain/deepdetect_gpu,docker.io/jolibrain/deepdetect_gpu,sha256:7f899d43f0afa353251bec16ed5b60bfb2042a1b84ff611ea914e3cd2e304fdb
jolibrain/deepdetect_gpu,docker.io/jolibrain/deepdetect_gpu,sha256:794fe4591d23fccc8d27896ea27a3b2e21e3470060190ba48088ab989b07ed63
jolibrain/deepdetect_gpu,docker.io/jolibrain/deepdetect_gpu,sha256:353c3247922bfef6d6925c4e7c3d7fdf9c713fead13323c860eb9ab055bedacd
jolibrain/deepdetect_gpu,docker.io/jolibrain/deepdetect_gpu,sha256:5f8ee9275c86c9f50225a8de99dd4578020d9800b948a8b462abd3d5eda9af44
jolibrain/deepdetect_gpu,docker.io/jolibrain/deepdetect_gpu,sha256:48a1bfe45532acce142740b667ef5c14d6c227a4461566b3aa8da4d01d0476a4
jolibrain/deepdetect_gpu,docker.io/jolibrain/deepdetect_gpu,sha256:51d13763e12e33f6e11f4bd6a0b0df550a26de29124b02a6765ba3bb936a75d3
jolibrain/deepdetect_gpu,docker.io/jolibrain/deepdetect_gpu,sha256:cefd6e523ebbbf25e0344021feec34b336598784beeff3d4fe4868a94787f9c2
jolibrain/deepdetect_gpu,docker.io/jolibrain/deepdetect_gpu,sha256:2dad0d5cabe2ea075633dfd863ea997366322bb8d6ea51302ae1647e310ad078
jolibrain/deepdetect_gpu,docker.io/jolibrain/deepdetect_gpu,sha256:2098f50a061ce5b952470e9b4825f96c56b0c5fbee2385548e3dbf00d19172b0
jolibrain/deepdetect_gpu,docker.io/jolibrain/deepdetect_gpu,sha256:87b027eb711b137e4749705a715d77d9eb937ec907ad3004a6839a7bc02a6f30
jolibrain/deepdetect_gpu,docker.io/jolibrain/deepdetect_gpu,sha256:4f4fb700ef54461cfa02571ae0db9a0dc1e0cdb5577484a6d75e68dc38e8acc1
jolibrain/deepdetect_gpu_torch,docker.io/jolibrain/deepdetect_gpu_torch,sha256:da7391352a9bb76b292a568c066aa4c3cbae8d494e6a3c68e3c596d34f7c75f8
jolibrain/deepdetect_gpu_torch,docker.io/jolibrain/deepdetect_gpu_torch,sha256:14428a6d4bcdba49a64127900a0691fb00a3f329aced25eb77e3b65646638f8d
jolibrain/deepdetect_gpu_torch,docker.io/jolibrain/deepdetect_gpu_torch,sha256:2c2d948710f21ad82dce71743b1654b45acb5c059cf5c19da491582cef6f2601
jolibrain/deepdetect_gpu_torch,docker.io/jolibrain/deepdetect_gpu_torch,sha256:0ebd322634c152b4ecbb5de4a47fa86965c34fadeb4c4b54552ff6ea0baf0fee
jolibrain/deepdetect_gpu_torch,docker.io/jolibrain/deepdetect_gpu_torch,sha256:36520dd466acdd34058f9863bfa50ae1d851ceb0cae918256f16e76704f63bbc
jolibrain/deepdetect_gpu_torch,docker.io/jolibrain/deepdetect_gpu_torch,sha256:fe6ccac2e64be7b88f47141db9285b3137acaacfcf0a4914c1fbdb1728434ea6
jolibrain/deepdetect_gpu_torch,docker.io/jolibrain/deepdetect_gpu_torch,sha256:d98e4e0e26f4ff99bbfcd244a5d2aa5b521b1d8bfc5cbb98263a0b36f635d957
jolibrain/deepdetect_gpu_torch,docker.io/jolibrain/deepdetect_gpu_torch,sha256:412f64f300b1fe968c6803cb073862c5d3e3862110bca65c1e783d8d43c8a96f
jolibrain/deepdetect_gpu_torch,docker.io/jolibrain/deepdetect_gpu_torch,sha256:e30405f66334ef85ec034e66ae10f973299d106574fe3874cb789c5585471796
jolibrain/deepdetect_gpu_torch,docker.io/jolibrain/deepdetect_gpu_torch,sha256:9a83b7ea7b8fe2dc8089b1f7334db80629713111e07009e3a646fd2075f630cd
jolibrain/deepdetect_gpu_torch,docker.io/jolibrain/deepdetect_gpu_torch,sha256:1099228b73aa43b77790a1acc88b2aeaf996dc0c99d8e6249edae1e392386481
jolibrain/deepdetect_gpu_torch,docker.io/jolibrain/deepdetect_gpu_torch,sha256:57d69905e0ba38940ed734ee99389b40a44eb8b611bb730c73858bad1b792bd7
jolibrain/deepdetect_gpu_torch,docker.io/jolibrain/deepdetect_gpu_torch,sha256:9cba5c6bb79513fbe0349f08dd8734e5d71f14215f56f771df31ea2a5dcef16c
jolibrain/deepdetect_gpu_torch,docker.io/jolibrain/deepdetect_gpu_torch,sha256:c50592f7449eba4ad804d860cc46734016756c251b2dec289c63884bedbca4e4
jolibrain/deepdetect_gpu_torch,docker.io/jolibrain/deepdetect_gpu_torch,sha256:62b8f474057af292231b579a3c3779c9fb7bca5878741e9777a9c19eb1816cf7
jolibrain/deepdetect_gpu_torch,docker.io/jolibrain/deepdetect_gpu_torch,sha256:b1337d9df69f1a0ef2bacee043db487d27d748cfaed01d022f0ffac34b67f314
jolibrain/deepdetect_gpu_torch,docker.io/jolibrain/deepdetect_gpu_torch,sha256:c0c26ba36b63a48f474624921896471a9cdbceab08373472b226392c3798afaf
jolibrain/deepdetect_gpu_torch,docker.io/jolibrain/deepdetect_gpu_torch,sha256:b38a68604ab5efef7c2eda094ba21805b51386405e325c3829833354050747cf
jolibrain/deepdetect_gpu_torch,docker.io/jolibrain/deepdetect_gpu_torch,sha256:bdff1dfaeb770bc429b3a296c40516bbd739bca889b8698c41cafc58446295c2
jolibrain/deepdetect_gpu_torch,docker.io/jolibrain/deepdetect_gpu_torch,sha256:c6fe270bcfabb25d23a9e221e7bcdbd130ea1c8b62588c71f7f6204a4f06297e
jolibrain/deepdetect_gpu_torch,docker.io/jolibrain/deepdetect_gpu_torch,sha256:efa2131fc28e7b5225551b14c08ea885ae31d9a083efe7a1a5181b8caa759e43
jolibrain/deepdetect_gpu_torch,docker.io/jolibrain/deepdetect_gpu_torch,sha256:f0591684b7d60a46fc832bac9278568ff9696d8d19056d4185348140bfc199b1
jolibrain/deepdetect_gpu_torch,docker.io/jolibrain/deepdetect_gpu_torch,sha256:762d3a03a7af2ae8b68c8ea0c13365feaa28a418571432a0d7707dde83ccd792
jolibrain/deepdetect_gpu_torch,docker.io/jolibrain/deepdetect_gpu_torch,sha256:65421068aa89d4368a9d7f8c63d5e048bbccaaaf80776f778895ddb3b62489fa
jolibrain/deepdetect_gpu_torch,docker.io/jolibrain/deepdetect_gpu_torch,sha256:4f4fb700ef54461cfa02571ae0db9a0dc1e0cdb5577484a6d75e68dc38e8acc1
jolibrain/deepdetect_gpu_tensorrt,docker.io/jolibrain/deepdetect_gpu_tensorrt,sha256:a70d879fa5984474288d52009479054b8bb2993de2a1859f43b5480600cecb24
jolibrain/deepdetect_gpu_tensorrt,docker.io/jolibrain/deepdetect_gpu_tensorrt,sha256:c4394a92d1f8760cf7d17fee0bcee732c94c5b858dd8d19c7ff02beecf3b4e83
jolibrain/deepdetect_gpu_tensorrt,docker.io/jolibrain/deepdetect_gpu_tensorrt,sha256:10e6159c56c084c858f5de2416454ac0a49ddda47b764e4379c5d5a147c9bf5f
jolibrain/deepdetect_gpu_tensorrt,docker.io/jolibrain/deepdetect_gpu_tensorrt,sha256:b10944d18948766a2f54a297276b3ad6d67055de9d9c038a6f494caef5b522e5
jolibrain/deepdetect_gpu_tensorrt,docker.io/jolibrain/deepdetect_gpu_tensorrt,sha256:55bfd6ec6451759064e0eb1239c6df3c7c73913aa090fab18d846b74386bd8ad
jolibrain/deepdetect_gpu_tensorrt,docker.io/jolibrain/deepdetect_gpu_tensorrt,sha256:fcf48df45c004aba78e7787d7b2857d9e2697949f7d7546d27b325ad792d7030
jolibrain/deepdetect_gpu_tensorrt,docker.io/jolibrain/deepdetect_gpu_tensorrt,sha256:973404f409c4924ccec81205d13092e54eb4e0b763675629601874ec2e853ddd
jolibrain/deepdetect_gpu_tensorrt,docker.io/jolibrain/deepdetect_gpu_tensorrt,sha256:46c6df71320bfa52e63b395c206baeb7c4e4c644d25cac64ab25b804e1c2e1bf
jolibrain/deepdetect_gpu_tensorrt,docker.io/jolibrain/deepdetect_gpu_tensorrt,sha256:e289349218061e3d37bfe4a2790386c59ca47ab300d259a12cbbcec1071822f5
jolibrain/deepdetect_gpu_tensorrt,docker.io/jolibrain/deepdetect_gpu_tensorrt,sha256:f78cf9a58254e8edb692d6b4c7bcaa8165df0b14e28624a44c999c5d3ec99881
jolibrain/deepdetect_gpu_tensorrt,docker.io/jolibrain/deepdetect_gpu_tensorrt,sha256:77357a172687b09e9e132fffb796d36f8f00c45c697f37ad70ddceb87b3cdca8
jolibrain/deepdetect_gpu_tensorrt,docker.io/jolibrain/deepdetect_gpu_tensorrt,sha256:021e0d954608b1a72e6cf296e8bcd7fc7d4fdbf3e45c7d122299d757752170b5
jolibrain/deepdetect_gpu_tensorrt,docker.io/jolibrain/deepdetect_gpu_tensorrt,sha256:aa953cf6a5f475ac93dae81a372fdf024d696ff3f5e6fa1c643aa195914c5159
jolibrain/deepdetect_gpu_tensorrt,docker.io/jolibrain/deepdetect_gpu_tensorrt,sha256:4fd0e919976fe130e8610434f8adeeca98ff02c49f944c7974382cbc0a9e613a
jolibrain/deepdetect_gpu_tensorrt,docker.io/jolibrain/deepdetect_gpu_tensorrt,sha256:48e95114a2a6cdb1cbb6d23f879e7263ce0995e917e73512c830475a93c196b6
jolibrain/deepdetect_gpu_tensorrt,docker.io/jolibrain/deepdetect_gpu_tensorrt,sha256:3ad6846c6d9364fb09c1923a1a7ad00cc63a66f847f847036ad36f97a33a223d
jolibrain/deepdetect_gpu_tensorrt,docker.io/jolibrain/deepdetect_gpu_tensorrt,sha256:966d172278d7f459717be8b7e7b7a8e07a58e6167122bd056234f07003179b5d
jolibrain/deepdetect_gpu_tensorrt,docker.io/jolibrain/deepdetect_gpu_tensorrt,sha256:668f1d8e5303215a7d95be6b296911c15d6142ec4482144836541422b5e05aa9
jolibrain/deepdetect_gpu_tensorrt,docker.io/jolibrain/deepdetect_gpu_tensorrt,sha256:2708ea45c2f22338fe0685b9aa61e7a9f44a2dd72f2c9a366134de025f968e7c
jolibrain/deepdetect_gpu_tensorrt,docker.io/jolibrain/deepdetect_gpu_tensorrt,sha256:6246db9be9e9a1c0dd4cf155b003774e38adb4f24aa827009c03784daf8431ef
jolibrain/deepdetect_gpu_tensorrt,docker.io/jolibrain/deepdetect_gpu_tensorrt,sha256:b9afac28c321b94134100858fd371b8c61c46913be7fdf2a6034d288028336c2
jolibrain/deepdetect_gpu_tensorrt,docker.io/jolibrain/deepdetect_gpu_tensorrt,sha256:9bb31e6a5a65e61c9aee945311db9be59637c7c1ecba35fd4b6023f4d2866059
jolibrain/deepdetect_gpu_tensorrt,docker.io/jolibrain/deepdetect_gpu_tensorrt,sha256:4f4fb700ef54461cfa02571ae0db9a0dc1e0cdb5577484a6d75e68dc38e8acc1
jolibrain/deepdetect_gpu_tensorrt,docker.io/jolibrain/deepdetect_gpu_tensorrt,sha256:4f4fb700ef54461cfa02571ae0db9a0dc1e0cdb5577484a6d75e68dc38e8acc1
jolibrain/deepdetect_gpu_tensorrt,docker.io/jolibrain/deepdetect_gpu_tensorrt,sha256:5820cb080eab5969ffec470d7bce26c05e9bce1c9e64ac8536eb1e47bbb2098f
jolibrain/deepdetect_gpu_tensorrt,docker.io/jolibrain/deepdetect_gpu_tensorrt,sha256:d4cb1834b52c7f2b7a40c2c241416684e0ae7959607c4ed5d50a715d1ec856d2
jolibrain/deepdetect_gpu_tensorrt,docker.io/jolibrain/deepdetect_gpu_tensorrt,sha256:799ebf81d9e85dce9908d95bbea60d31d1c12d796327d2408475e92a594a9681
jolibrain/deepdetect_gpu_tensorrt,docker.io/jolibrain/deepdetect_gpu_tensorrt,sha256:3217e114fe940afd8f706a8038c496722b4c2e8687b5421ae785c6827ab0ed08
jolibrain/deepdetect_gpu_tensorrt,docker.io/jolibrain/deepdetect_gpu_tensorrt,sha256:14cfdebefc606ebda05cc740950390a0c9c555c30724761dc7c006c4b5712f7c
jolibrain/deepdetect_gpu_tensorrt,docker.io/jolibrain/deepdetect_gpu_tensorrt,sha256:84bfd39ebfb521bd183eb5058dad6a4348cd0e11427c23c7dafb295d37f45888
jolibrain/deepdetect_gpu_tensorrt,docker.io/jolibrain/deepdetect_gpu_tensorrt,sha256:fcb5f91041d8dc6267452a14973c2df94194ef55cb924ae2796fac0bf2c94b7b
jolibrain/deepdetect_gpu_tensorrt,docker.io/jolibrain/deepdetect_gpu_tensorrt,sha256:9e38fa217d999fa0179ee938735de84b9e106d86616cd73f2f32dfba9fae101d
jolibrain/deepdetect_gpu_tensorrt,docker.io/jolibrain/deepdetect_gpu_tensorrt,sha256:f54108a06cd48576013e33b5aef9f4880b67c3032e11e8b0bb7d711835c4b551
jolibrain/deepdetect_gpu_tensorrt,docker.io/jolibrain/deepdetect_gpu_tensorrt,sha256:3f7e960134260141d1809c6d700e0124f277ac94139d9ae945236b959c38a383
jolibrain/deepdetect_gpu_tensorrt,docker.io/jolibrain/deepdetect_gpu_tensorrt,sha256:16d998f663dc26b374384227bf818492b5fc676014e4ae9d92f76866a62b77ad
jolibrain/deepdetect_gpu_tensorrt,docker.io/jolibrain/deepdetect_gpu_tensorrt,sha256:1b29b5f6568b9b2ed36c354a4d5e3e6e9774d1bf250e791723ab8f7217e3542e
jolibrain/deepdetect_gpu_tensorrt,docker.io/jolibrain/deepdetect_gpu_tensorrt,sha256:a9a1da9e95384d7fb36a4c98f02ca1b00758874dc3e30b01a94ecb4ee9b3ef5a
jolibrain/deepdetect_gpu_tensorrt,docker.io/jolibrain/deepdetect_gpu_tensorrt,sha256:999acb71c4df28d2239bdbe8c1316f7116f2eb17141b873141ef8ec2d7375288
jolibrain/deepdetect_gpu_tensorrt,docker.io/jolibrain/deepdetect_gpu_tensorrt,sha256:35d9682f4ab9ddef62e7654384ca43d8adedbfea446380f6ff7d99fb6537565e
jolibrain/deepdetect_gpu_tensorrt,docker.io/jolibrain/deepdetect_gpu_tensorrt,sha256:1b226eccb262cb266175f00c68e70be3c63d18f2941fdf49812d9d1f1821be5b
jolibrain/deepdetect_gpu_tensorrt,docker.io/jolibrain/deepdetect_gpu_tensorrt,sha256:ed67b177252632d07826d8cd4a57f905abca5b677ea3086d3ee96d4dcf1f9fd0
jolibrain/deepdetect_gpu_tensorrt,docker.io/jolibrain/deepdetect_gpu_tensorrt,sha256:6b20111bcfdc4996ae85aba7c22cb37e7e5f267229801e5c072aa66c83243351
jolibrain/deepdetect_gpu_tensorrt,docker.io/jolibrain/deepdetect_gpu_tensorrt,sha256:c3b47548639bb17ce2022b1953c32a084a8469705abc0453caa0003238aa3ca9
jolibrain/deepdetect_gpu_tensorrt,docker.io/jolibrain/deepdetect_gpu_tensorrt,sha256:b55b4d9b526418aa2289e1f3fcb4fa3f23c4ca40a32570935988e619da0eada8
jolibrain/deepdetect_gpu_tensorrt,docker.io/jolibrain/deepdetect_gpu_tensorrt,sha256:2575a6938f6775359bd34a40b76a6d993c24a64eb5d9da19f6b9c532f417ab53
jolibrain/deepdetect_gpu_tensorrt,docker.io/jolibrain/deepdetect_gpu_tensorrt,sha256:150cc653249997425a2f2886d35fd91b5e4dc239d5dc048561e9f4c84a3c017b
jolibrain/deepdetect_gpu_tensorrt,docker.io/jolibrain/deepdetect_gpu_tensorrt,sha256:331dc5fd1dd04a203d32582eccd838e91c59553c4735357da6cc5b912eca6554
jolibrain/deepdetect_gpu_tensorrt,docker.io/jolibrain/deepdetect_gpu_tensorrt,sha256:01a96271b6f0359687a9d2b7d036a098e14b19a5e3572ef0a5ec845c621e73a5
jolibrain/deepdetect_gpu_tensorrt,docker.io/jolibrain/deepdetect_gpu_tensorrt,sha256:e963a3daae0ab0081ce57e5b264b2bf0f559463b270bc4126f9711a0763c1c3a
jolibrain/deepdetect_gpu_tensorrt,docker.io/jolibrain/deepdetect_gpu_tensorrt,sha256:7a7ed91bb3488c48bc95a7d2cc1a07c83bc4d045560b5d307bd5860889885d93
jolibrain/deepdetect_gpu_tensorrt,docker.io/jolibrain/deepdetect_gpu_tensorrt,sha256:38689d149b7d6d7584e4e3b7de333ee66b8718ea014dc117b0894baf4754c4e2
jolibrain/deepdetect_gpu_tensorrt,docker.io/jolibrain/deepdetect_gpu_tensorrt,sha256:db95ca52f4f01f3347691836f3a66d97d9b0c9a1de438192bcc0ec1af93f5190
jolibrain/deepdetect_gpu_tensorrt,docker.io/jolibrain/deepdetect_gpu_tensorrt,sha256:c99c62522d6f10d95fade64c6b5e1ef1132b1bb391c5a1b2e2fc0c0aee81d2cf
jolibrain/deepdetect_gpu_tensorrt,docker.io/jolibrain/deepdetect_gpu_tensorrt,sha256:44327a5ba464761a881c06e365270184f891e92252f4574e6a0dd05cad742bb4
jolibrain/deepdetect_gpu_tensorrt,docker.io/jolibrain/deepdetect_gpu_tensorrt,sha256:e61332b1ab21dcef51e2770e7f2e4d957e7479249770a1181c9ee2ebb2e16aae
jolibrain/deepdetect_gpu_tensorrt,docker.io/jolibrain/deepdetect_gpu_tensorrt,sha256:14bdffdc9a9f5a3cbcd77c7c6b5f7b5f0a1f64dbd1759afd73ff9655739373c1
jolibrain/deepdetect_gpu_tensorrt,docker.io/jolibrain/deepdetect_gpu_tensorrt,sha256:c0b9ea1e5c9c7b29ef24c71b201804efc2df511d9226697bf26ec58005bb9a38
jolibrain/deepdetect_gpu_tensorrt,docker.io/jolibrain/deepdetect_gpu_tensorrt,sha256:e0e350c46b6fbcb3789f85ea20750e1072f592e9216cf1029e0d8e5c5de3b4e8
jolibrain/deepdetect_gpu_tensorrt,docker.io/jolibrain/deepdetect_gpu_tensorrt,sha256:4f4fb700ef54461cfa02571ae0db9a0dc1e0cdb5577484a6d75e68dc38e8acc1
intel/intel-optimized-tensorflow,docker.io/intel/intel-optimized-tensorflow,sha256:7b1a6ab2e44dbac178598dabe7cff59bd67233dba0b27e4fbd1f9d4b3c877a54
intel/intel-optimized-tensorflow,docker.io/intel/intel-optimized-tensorflow,sha256:8e55ec9f06467c0dcf9a68e6c58af4f4600af1f87e6e08a6e9c2dfc76005ac54
intel/intel-optimized-tensorflow,docker.io/intel/intel-optimized-tensorflow,sha256:9f52dd1a8a4416803c2f3794bd97587355a56ed604752754fbcf8dca1c7967a7
intel/intel-optimized-tensorflow,docker.io/intel/intel-optimized-tensorflow,sha256:fd240994affdfdea1aa9c2b812c6f64fb904288dc3d612f7b869e434e8a7693f
intel/intel-optimized-tensorflow,docker.io/intel/intel-optimized-tensorflow,sha256:fdde6cc8ff0f2c3fdf9e124dd72b723571974920b9ad1803d25feab426480dee
intel/intel-optimized-tensorflow,docker.io/intel/intel-optimized-tensorflow,sha256:6735ed189924d66d39a8f1966f46fd4d57f7440385d6362d83ad470b9ba13969
intel/intel-optimized-tensorflow,docker.io/intel/intel-optimized-tensorflow,sha256:27297c8836067d8e29cfb0b0bcf030cab7c06cb0e12e2b7c1ae9c510a77e446d
s22s/rasterframes-notebook,docker.io/s22s/rasterframes-notebook,sha256:5b7339215d1d5f8e68622d584a224f60339f5bef41dbd74330d081e912f0cddd
s22s/rasterframes-notebook,docker.io/s22s/rasterframes-notebook,sha256:14ca88e9f6723ce82bc14b241cda8634f6d19677184691d086662641ab96fe68
s22s/rasterframes-notebook,docker.io/s22s/rasterframes-notebook,sha256:a31c3b1caad473a474d574283741f880e37c708cc06ee620d3e93fa602125ee0
s22s/rasterframes-notebook,docker.io/s22s/rasterframes-notebook,sha256:b054a26005b7f3b032577f811421fab5ec3b42ce45a4012dfa00cf6ed6191b0f
s22s/rasterframes-notebook,docker.io/s22s/rasterframes-notebook,sha256:51cd026b34bddb9346ba1b0a92d00b8327a359b88af0a9b80ddb4eb40bc30e6e
s22s/rasterframes-notebook,docker.io/s22s/rasterframes-notebook,sha256:c583df1459c52884a06380dfaf2c3195f38bf0d63411b20fde54aa536791350e
s22s/rasterframes-notebook,docker.io/s22s/rasterframes-notebook,sha256:4faa8cc1412c823e05014adddeb7ca8e6f65b7c8f088759120bcd93e77e131f5
s22s/rasterframes-notebook,docker.io/s22s/rasterframes-notebook,sha256:4faa8cc1412c823e05014adddeb7ca8e6f65b7c8f088759120bcd93e77e131f5
s22s/rasterframes-notebook,docker.io/s22s/rasterframes-notebook,sha256:fb492281364f429215b60c5926f7fb33012d1b93f60cbe6885e6135ecb951f36
s22s/rasterframes-notebook,docker.io/s22s/rasterframes-notebook,sha256:dd8998f7ce9b9102f6c541ad2baee09ee3672f85e3146e985a873e02cf818307
s22s/rasterframes-notebook,docker.io/s22s/rasterframes-notebook,sha256:b9bd010903bb53f2c46e16bd4ad843a7e48c4e2edb7c2fe240abe87c4bce7b0f
s22s/rasterframes-notebook,docker.io/s22s/rasterframes-notebook,sha256:0eff58a0c423f7053ec0bb316733afe5bc73d65820c12710455e0ba33cd6c6bd
s22s/rasterframes-notebook,docker.io/s22s/rasterframes-notebook,sha256:850b278151083622c50d80c4ade2004ac18a53f7036210c87b66f650aae5fd02
s22s/rasterframes-notebook,docker.io/s22s/rasterframes-notebook,sha256:a34630579b2d4616da3d9dc9aef0bf94ef45db5ebdc6962c698fd319284fdfb8
s22s/rasterframes-notebook,docker.io/s22s/rasterframes-notebook,sha256:223a57a5015f654a1049e309d68d3d6e4cedbe8cd3d42957246caecf180cd0db
s22s/rasterframes-notebook,docker.io/s22s/rasterframes-notebook,sha256:3af0f17f1f8c0298ac611c5ef1cc2ba864a564be445f15cf354079693e934fb9
s22s/rasterframes-notebook,docker.io/s22s/rasterframes-notebook,sha256:655c5d841eff9ba635f998e5d13b138ea246891daa30f52726636b58671c47ca
s22s/rasterframes-notebook,docker.io/s22s/rasterframes-notebook,sha256:37f5604f5d015e602cd64c12238d3d7f019f704a3207b2be232d87741d0cfbd5
s22s/rasterframes-notebook,docker.io/s22s/rasterframes-notebook,sha256:73e5d0905c9e46cb8e93a6ab36369151291b0e180b13ffcfd9c13f214b28ed75
s22s/rasterframes-notebook,docker.io/s22s/rasterframes-notebook,sha256:76aa6604723f23e97f9fe896b80ac26d5ae01f82873d8de813b8b234e84137c8
s22s/rasterframes-notebook,docker.io/s22s/rasterframes-notebook,sha256:7df703e356a30cec5bbe7ec4b3b4899f4bcae9a499857009802f7ae927d5020c
s22s/rasterframes-notebook,docker.io/s22s/rasterframes-notebook,sha256:7d84b35446f70ae2ab3f353f27a9baff3f16797d4a016a1590b42eca391ff99e
s22s/rasterframes-notebook,docker.io/s22s/rasterframes-notebook,sha256:b6c3521fc392d3324e1534dfab836b89a45b5923a9b90e741166aed83d718a0e
s22s/rasterframes-notebook,docker.io/s22s/rasterframes-notebook,sha256:7abd084421cb5c1aaf6b8e9aa0763d33c06d531be9cbd063752a433739fee0db
s22s/rasterframes-notebook,docker.io/s22s/rasterframes-notebook,sha256:851b3bf19961249bcc7722179fb1719267a7c3efd103f6909c4698b5b27cd5e4
s22s/rasterframes-notebook,docker.io/s22s/rasterframes-notebook,sha256:d42faa3a3caa7400dd4278ff78be9b452b3f561df0ba8b080fbea1c3810ef990
s22s/rasterframes-notebook,docker.io/s22s/rasterframes-notebook,sha256:dc7194ffb4c3b896064fd3048c90ad9d90c0650a282a897be1312440680041ff
s22s/rasterframes-notebook,docker.io/s22s/rasterframes-notebook,sha256:480822adaa65eae34b72d766a4ce8f906b02f2d86d45544a5c71e36f3a1a5adb
s22s/rasterframes-notebook,docker.io/s22s/rasterframes-notebook,sha256:34ffb85a7f031660d33a058d06d6c11293773f4e05a08d1a67d9c1ce552f8596
s22s/rasterframes-notebook,docker.io/s22s/rasterframes-notebook,sha256:7beb29f3c93a893b4a0592f28c35c6ffc3eddc6de91b1b9d4149c29b37cc6122
s22s/rasterframes-notebook,docker.io/s22s/rasterframes-notebook,sha256:dac59b5655f86e398338367b06c904b54e02c1650a9536308d80c2ab313138a2
s22s/rasterframes-notebook,docker.io/s22s/rasterframes-notebook,sha256:3d74b52f0690e3dab83b53bf3a33c5ce0d3a066afd513920ca075c0abc72515a
s22s/rasterframes-notebook,docker.io/s22s/rasterframes-notebook,sha256:4010f8d19a3f2d0a5e6f29a02650a0bb90db3ba2bc10476ff253ba9452ea14a1
s22s/rasterframes-notebook,docker.io/s22s/rasterframes-notebook,sha256:1366947581ad627d628b567c5ffcfa2eb45f3b023b3b1a9e86b8b2d02c71cfd8
s22s/rasterframes-notebook,docker.io/s22s/rasterframes-notebook,sha256:7970871a04c69084d4e266393788a7189a49df0b2230194e0130e25cf457cbf0
s22s/rasterframes-notebook,docker.io/s22s/rasterframes-notebook,sha256:a3d2777d9ea7d387432da5343a71a85e20214fd4d609a5a9a32a1166705e2861
s22s/rasterframes-notebook,docker.io/s22s/rasterframes-notebook,sha256:f03160d94143ab57d8f2cef5c3dceb5a2313cb0b62946e0dd1b894a4cc5cfd64
openmined/tenseal,docker.io/openmined/tenseal,sha256:69692152171afee1fd341febc390747cfca2ff302f2881d8b394e786af605696
openmined/tenseal,docker.io/openmined/tenseal,sha256:66a3c154490aa1f5ce65f9ce452f5f38176c3f111ed0db0ea1dae8b49cbd7395
openmined/tenseal,docker.io/openmined/tenseal,sha256:3e35bdfb65b21f9c8c09ff302524ad3beb876ce49357162d742dccdbb228df9e
openmined/tenseal,docker.io/openmined/tenseal,sha256:f2c4c435507305290e1abbb5f643bc7e8c7a1c1002d4dec6df88afd21a99299f
openmined/tenseal,docker.io/openmined/tenseal,sha256:21bb8d414880d44657d3e4f444411cdea4ac8c96a320d0722f4db31506a71e1a
openmined/tenseal,docker.io/openmined/tenseal,sha256:9834aca57519df717dcaa3192947f02ae7b322ce35545ffd4e41ee8d14b1de88
openmined/tenseal,docker.io/openmined/tenseal,sha256:b5136b4482381baac90cef1760825ac2b338d0a66933b27a90e6ee1bc2f08247
openmined/tenseal,docker.io/openmined/tenseal,sha256:74fab2b32c1e0504a84dcc96a3c4a397c0b2f0b0b90d28d5d40b42aa146e4ff7
apulistech/mmdetection,docker.io/apulistech/mmdetection,sha256:7ddbc47eeb70dc7f08e410a6667948b87ff3883024eb41478b44ef9a81bf400c
apulistech/mmdetection,docker.io/apulistech/mmdetection,sha256:c1bbdc448b7263673926b8fe2e88491e5083a8b4b06ddfabf311f2fc5f27e2ff
apulistech/mmdetection,docker.io/apulistech/mmdetection,sha256:8c3b70e3904492c753652606df4726430426f42ea56e06ea924d6fea7ae162a1
apulistech/mmdetection,docker.io/apulistech/mmdetection,sha256:45d437916d5781043432f2d72608049dcf74ddbd27daa01a25fa63c8f1b9adc4
apulistech/mmdetection,docker.io/apulistech/mmdetection,sha256:d8f1569ddae616589c5a2dabf668fadd250ee9d89253ef16f0cb0c8a9459b322
apulistech/mmdetection,docker.io/apulistech/mmdetection,sha256:85386706b02069c58ffaea9de66c360f9d59890e56f58485d05c1a532ca30db1
apulistech/mmdetection,docker.io/apulistech/mmdetection,sha256:ee9b457b77d047ff322858e2de025e266ff5908aec569560e77e2e4451fc23f4
apulistech/mmdetection,docker.io/apulistech/mmdetection,sha256:be4f3343ecd31ebf7ec8809f61b1d36c2c2f98fc4e63582401d9108575bc443a
apulistech/mmdetection,docker.io/apulistech/mmdetection,sha256:30b4effda4fdab95ec4eba8873f86e7574c2edddf4dc5df8212e3eda1545aafa
apulistech/mmdetection,docker.io/apulistech/mmdetection,sha256:b398e882f4149bf61faa8f2c1d47a4fe98b8fe1b2c9379da1d58ddc54fe67cf0
apulistech/mmdetection,docker.io/apulistech/mmdetection,sha256:839749267f44015294f93e1d05cdb677ebdb4b7c3fc94f7e2b7bc7dfcde76ade
apulistech/mmdetection,docker.io/apulistech/mmdetection,sha256:d65aae2facd910019a4288e714dab5fc21085205a4c9eb6a984ba0d590b38221
apulistech/mmdetection,docker.io/apulistech/mmdetection,sha256:2a536cd2ec00b9e11ac9a51e23bcbf77fe2d728ea0f64483c47bd2cf513a2b31
apulistech/mmdetection,docker.io/apulistech/mmdetection,sha256:0a5fe5cbb00fc12cb8bc7654b97bdf75771c08db86ecabcc25f96cb3e9b3905d
apulistech/mmdetection,docker.io/apulistech/mmdetection,sha256:4eafb9b485ea8af02d0b3237997cdc135fd20539a3788e88037d029e65ac4670
apulistech/mmdetection,docker.io/apulistech/mmdetection,sha256:3290ae34cafa329644dca901a66678cb15283cbcb0043db33a2dd984d792ae81
apulistech/mmdetection,docker.io/apulistech/mmdetection,sha256:f050cf0a8393cd3795eafa3f0f7ec66f987b37e3dfd7e5b140306b92f5d8724c
apulistech/mmdetection,docker.io/apulistech/mmdetection,sha256:c76a5740cfb6df79fa3d1b93bfefebe1918eb7a5458f8888130bfbea7bfb071b
apulistech/mmdetection,docker.io/apulistech/mmdetection,sha256:1a27228b69fa0be58e1049bf56a9e26e53d6e257e4d31997e46495e53d7b3b77
openvino/model_server,docker.io/openvino/model_server,sha256:16ec32c2132b43494832a05f2b02f7a822479f8250c173d0ab27b3de78b2f058
openvino/model_server,docker.io/openvino/model_server,sha256:1462c05a6e8c23043a3b2c91eb7e63136327237f87b39f914e9692aefb6cf012
openvino/model_server,docker.io/openvino/model_server,sha256:4d1b5c050592e0fef4a3c350f73b7ad02b30b3f53062b07cf7ba288e85ba2133
openvino/model_server,docker.io/openvino/model_server,sha256:e4a111a39932958cf80e05b8efb129c188b1d23114aa9c5f426c7b8cfe0ac117
openvino/model_server,docker.io/openvino/model_server,sha256:2022172de773e0efd8d595b1e749969e704c9ad70efc4f9ae1eeb1076c83710d
openvino/model_server,docker.io/openvino/model_server,sha256:7030dd4a1a5a254cab84969683e24222331595e7940350bdd2041030ba800947
openvino/model_server,docker.io/openvino/model_server,sha256:30599975a7178d11d91ffe3759f06a369add390dc1f462d8f1d0f15d726d4a4a
openvino/model_server,docker.io/openvino/model_server,sha256:01f4e17111c4d78495d4ec76497c535c7008fb0cc7110e7c661c255ead4b2a60
asciidoctor/docker-asciidoctor,docker.io/asciidoctor/docker-asciidoctor,sha256:5758d4e389a3f662e94a85fb76143dbe338b64f8d2a65f45536a9663b05305ad
asciidoctor/docker-asciidoctor,docker.io/asciidoctor/docker-asciidoctor,sha256:5033ac7b19c6db803a9162be281aa25e9d6d861085948b959a3e6297ff338a02
asciidoctor/docker-asciidoctor,docker.io/asciidoctor/docker-asciidoctor,sha256:e4af38c000ac2e395aae86126257c24813134e971cea7d67c215fe6169b46cb0
asciidoctor/docker-asciidoctor,docker.io/asciidoctor/docker-asciidoctor,sha256:6e7a9819a00a401a44b2e13b583af3b96f445e4d1cd8425889104c7e66df9c22
asciidoctor/docker-asciidoctor,docker.io/asciidoctor/docker-asciidoctor,sha256:c35420f118e664f4676fd1271ef6e1f9b0ada3984f68584cd6a8af37fdb86e46
asciidoctor/docker-asciidoctor,docker.io/asciidoctor/docker-asciidoctor,sha256:1dd73a988d58f0894e28aa8ce2306bbeec54052d1e2a5c884b577f0ef3097600
asciidoctor/docker-asciidoctor,docker.io/asciidoctor/docker-asciidoctor,sha256:04bed6f77b226fbb3739e5649a0b88dc6070098efa89f0f1e80be03287183e4a
asciidoctor/docker-asciidoctor,docker.io/asciidoctor/docker-asciidoctor,sha256:019deeaa7811cf01740139869804aaa52082de4dcf624aac7e01329a36e6f347
