repos,repo_version,filename,services,images,ports,network,environment,volume,depend_on
great-expectations/great_expectations,latest,/assets/docker/postgresql/docker-compose.yml,travis_db,postgres:12,['5432:5432'],['dbnet'],"{'POSTGRES_USER': 'postgres', 'POSTGRES_HOST_AUTH_METHOD': 'trust', 'POSTGRES_DB': 'test_ci'}",,
great-expectations/great_expectations,latest,/assets/docker/linkchecker/docker-compose.yml,linkchecker,linkchecker:1.0,,,,,
great-expectations/great_expectations,latest,/assets/docker/readthedocs/docker-compose.yml,rtd,readthedocs/build:6.0,,,,,
great-expectations/great_expectations,latest,/assets/docker/mysql/docker-compose.yml,mysql_db,mysql:8.0.20,['3306:3306'],['dbnet'],"{'MYSQL_ALLOW_EMPTY_PASSWORD': 'true', 'MYSQL_DATABASE': 'test_ci'}",['./conf.d:/etc/mysql/conf.d'],
great-expectations/great_expectations,latest,/assets/docker/mssql/docker-compose.yml,mssql_db,mcr.microsoft.com/mssql/server:2019-latest,['1433:1433'],['dbnet'],"{'ACCEPT_EULA': 'Y', 'MSSQL_SA_PASSWORD': 'ReallyStrongPwd1234%^&*', 'MSSQL_DB': 'test_ci', 'MSSQL_PID': 'Developer'}",,
jbarlow83/OCRmyPDF,latest,/misc/docker-compose.example.yml,ocrmypdf,jbarlow83/ocrmypdf,,,['OCR_OUTPUT_DIRECTORY_YEAR_MONTH=0'],"['/media/scan:/input', '/mnt/scan:/output']",
LiberTEM/LiberTEM,latest,/packaging/docker/docker-compose.yml,scheduler,libertem/libertem:triage,['8786:8786'],,,,
LiberTEM/LiberTEM,latest,/packaging/docker/docker-compose.yml,worker-1,libertem/libertem:triage,,,,"[{'type': 'bind', 'source': '../../data', 'target': '/data'}]",['scheduler']
LiberTEM/LiberTEM,latest,/packaging/docker/docker-compose.yml,worker-2,libertem/libertem:triage,,,,"[{'type': 'bind', 'source': '../../data', 'target': '/data'}]",['scheduler']
LiberTEM/LiberTEM,latest,/packaging/docker/docker-compose.yml,ipy-controller,libertem/libertem-dev,,,,['ipyconfig:/root/.ipython/'],
LiberTEM/LiberTEM,latest,/packaging/docker/docker-compose.yml,ipy-worker-1,libertem/libertem-dev,,,,"['ipyconfig:/root/.ipython/', {'type': 'bind', 'source': '../../data', 'target': '/data'}]",['scheduler']
LiberTEM/LiberTEM,latest,/packaging/docker/docker-compose.yml,ipy-worker-2,libertem/libertem-dev,,,,"['ipyconfig:/root/.ipython/', {'type': 'bind', 'source': '../../data', 'target': '/data'}]",['scheduler']
LiberTEM/LiberTEM,latest,/packaging/docker/docker-compose.yml,tests,libertem/libertem-dev,,,"['DASK_SCHEDULER_ADDRESS=tcp://scheduler:8786', 'TESTDATA_BASE_PATH=/data/']","['ipyconfig:/root/.ipython/', {'type': 'bind', 'source': '../../data', 'target': '/data'}]","['scheduler', 'worker-1', 'worker-2', 'ipy-controller', 'ipy-worker-1', 'ipy-worker-2']"
esmBot/esmBot,latest,/docker-compose.yml,bot,esmbot,,{'esmbot': {'ipv4_address': '172.20.0.2'}},"{'OUTPUT': '/home/esmBot/help/help.md', 'TEMPDIR': '/home/esmBot/temp'}","['./logs:/home/esmBot/.internal/logs', './bot-help:/home/esmBot/help', './bot-temp:/home/esmBot/temp', './servers.json:/home/esmBot/.internal/servers.json']","['lavalink', 'postgres']"
esmBot/esmBot,latest,/docker-compose.yml,lavalink,fredboat/lavalink:dev,,{'esmbot': {'ipv4_address': '172.20.0.3'}},,"['./application.yml:/opt/Lavalink/application.yml', './assets:/opt/Lavalink/assets']",
esmBot/esmBot,latest,/docker-compose.yml,postgres,postgres:13-alpine,,{'esmbot': {'ipv4_address': '172.20.0.4'}},"{'POSTGRES_PASSWORD': 'verycoolpass100', 'POSTGRES_USER': 'esmbot', 'POSTGRES_DB': 'esmbot'}","['pg-data:/var/lib/postgresql/data', './utils/psqlinit.sh:/docker-entrypoint-initdb.d/psqlinit.sh']",
esmBot/esmBot,latest,/docker-compose.yml,adminer,adminer,['8888:8080'],{'esmbot': {'ipv4_address': '172.20.0.5'}},,,['postgres']
jakowenko/double-take,latest,/docker-compose.yml,double-take,jakowenko/double-take,['3000:3000'],,,['double-take:/.storage'],
jakowenko/double-take,latest,/.develop/docker-compose.yml,frontend,,['8080:8080'],,,"['..:/double-take', '/double-take/frontend/node_modules']",['api']
jakowenko/double-take,latest,/.develop/docker-compose.yml,api,,['3000:3000'],,,"['..:/double-take', '/double-take/api/node_modules']",['mqtt']
jakowenko/double-take,latest,/.develop/docker-compose.yml,mqtt,eclipse-mosquitto,['1883:1883'],,,['./mosquitto.conf:/mosquitto/config/mosquitto.conf'],
spacechop/spacechop,latest,/docker-compose.travis.yml,spacechop,,,,['LOG_FILE=test'],['./coverage:/src/coverage'],
spacechop/spacechop,latest,/docker-compose.override.yml,spacechop,,,,,"['./src:/src/app', './config.yml:/config.yml']",
spacechop/spacechop,latest,/docker-compose.packages.yml,spacechop,,,,,"['./packages/types:/src/types', './src:/src/app']",
spacechop/spacechop,latest,/docker-compose.yml,spacechop,spacechop,['8080:3000'],,,,
spacechop/spacechop,latest,/examples/docker-compose.yml,spacechop,spacechop/spacechop:latest,['8080:3000'],,,['./config.yml:/config.yml'],
OpenMined/PySyft,latest,/packages/grid/docker-compose.dev.yml,tailscale,,['8080'],,,,
OpenMined/PySyft,latest,/packages/grid/docker-compose.dev.yml,proxy,,,,,,
OpenMined/PySyft,latest,/packages/grid/docker-compose.dev.yml,frontend,,,,,,
OpenMined/PySyft,latest,/packages/grid/docker-compose.dev.yml,db,,['5432'],,,,
OpenMined/PySyft,latest,/packages/grid/docker-compose.dev.yml,queue,rabbitmq:3-management,"['5672', '15672']",,,,
OpenMined/PySyft,latest,/packages/grid/docker-compose.dev.yml,backend,,,,,"['./backend/grid:/app/grid', './backend/alembic:/app/alembic', '../syft:/app/syft', './data/package-cache:/root/.cache']",
OpenMined/PySyft,latest,/packages/grid/docker-compose.dev.yml,backend_stream,,,,,"['./backend/grid:/app/grid', './backend/alembic:/app/alembic', '../syft:/app/syft', './data/package-cache:/root/.cache']",
OpenMined/PySyft,latest,/packages/grid/docker-compose.dev.yml,celeryworker,,,,,"['./backend/grid:/app/grid', './backend/alembic:/app/alembic', '../syft:/app/syft', './data/package-cache:/root/.cache']",
OpenMined/PySyft,latest,/packages/grid/docker-compose.tls.yml,tailscale,,['${HTTPS_PORT}:${HTTPS_PORT}'],,,,
OpenMined/PySyft,latest,/packages/grid/docker-compose.tls.yml,proxy,,,,"['TRAEFIK_TLS_CONF=${TRAEFIK_TLS_CONF}', 'TRAEFIK_TLS_CERTS=${TRAEFIK_TLS_CERTS}']","['${TRAEFIK_TLS_CONF}:/etc/traefik/dynamic-configurations', '${TRAEFIK_TLS_CERTS}:/etc/traefik/certs']",
OpenMined/PySyft,latest,/packages/grid/docker-compose.yml,docker-host,qoomon/docker-host,,,,,
OpenMined/PySyft,latest,/packages/grid/docker-compose.yml,tailscale,${DOCKER_IMAGE_TAILSCALE?Variable not set}:${VERSION-latest},"['${HTTP_PORT}:81', '41641/udp', '4000']",,"['RELEASE=${RELEASE:-production}', 'HOSTNAME=${DOMAIN_NAME?Variable not set}', 'STACK_API_KEY=$STACK_API_KEY']","['tailscale-data:/var/lib/tailscale', '/dev/net/tun:/dev/net/tun']",['docker-host']
OpenMined/PySyft,latest,/packages/grid/docker-compose.yml,proxy,${DOCKER_IMAGE_TRAEFIK?Variable not set},,"['${TRAEFIK_PUBLIC_NETWORK?Variable not set}', 'default']",['RELEASE=${RELEASE:-production}'],['/var/run/docker.sock:/var/run/docker.sock'],
OpenMined/PySyft,latest,/packages/grid/docker-compose.yml,frontend,${DOCKER_IMAGE_FRONTEND?Variable not set}-${NODE_TYPE}:${VERSION-latest},,,"['RELEASE=${RELEASE:-production}', 'NODE_TYPE=${NODE_TYPE?Variable not set}', 'VERSION=${VERSION}', 'VERSION_HASH=${VERSION_HASH}']",,
OpenMined/PySyft,latest,/packages/grid/docker-compose.yml,db,postgres:12,,,['RELEASE=${RELEASE:-production}'],['app-db-data:/var/lib/postgresql/data'],
OpenMined/PySyft,latest,/packages/grid/docker-compose.yml,queue,rabbitmq:3,,,['RELEASE=${RELEASE:-production}'],['./rabbitmq/rabbitmq.conf:/etc/rabbitmq/rabbitmq.conf'],
OpenMined/PySyft,latest,/packages/grid/docker-compose.yml,backend,${DOCKER_IMAGE_BACKEND?Variable not set}:${VERSION-latest},,,"['RELEASE=${RELEASE:-production}', 'VERSION=${VERSION}', 'VERSION_HASH=${VERSION_HASH}', 'NODE_TYPE=${NODE_TYPE?Variable not set}', 'DOMAIN_NAME=${DOMAIN_NAME?Variable not set}', 'STACK_API_KEY=${STACK_API_KEY}', 'PORT=8001', 'IGNORE_TLS_ERRORS=${IGNORE_TLS_ERRORS?False}']",,['db']
OpenMined/PySyft,latest,/packages/grid/docker-compose.yml,backend_stream,${DOCKER_IMAGE_BACKEND?Variable not set}:${VERSION-latest},,,"['RELEASE=${RELEASE:-production}', 'VERSION=${VERSION}', 'VERSION_HASH=${VERSION_HASH}', 'NODE_TYPE=${NODE_TYPE?Variable not set}', 'DOMAIN_NAME=${DOMAIN_NAME?Variable not set}', 'STACK_API_KEY=${STACK_API_KEY}', 'PORT=8011', 'STREAM_QUEUE=1', 'IGNORE_TLS_ERRORS=${IGNORE_TLS_ERRORS?False}']",,"['db', 'backend']"
OpenMined/PySyft,latest,/packages/grid/docker-compose.yml,celeryworker,${DOCKER_IMAGE_BACKEND?Variable not set}:${VERSION-latest},,,"['RELEASE=${RELEASE:-production}', 'VERSION=${VERSION}', 'VERSION_HASH=${VERSION_HASH}', 'NODE_TYPE=${NODE_TYPE?Variable not set}', 'DOMAIN_NAME=${DOMAIN_NAME?Variable not set}', 'C_FORCE_ROOT=1', 'STACK_API_KEY=${STACK_API_KEY}', 'IGNORE_TLS_ERRORS=${IGNORE_TLS_ERRORS?False}']",,"['db', 'queue']"
OpenMined/PySyft,latest,/packages/grid/docker-compose.yml,headscale,${DOCKER_IMAGE_HEADSCALE?Variable not set}:${VERSION-latest},['4000'],,"['RELEASE=${RELEASE:-production}', 'NETWORK_NAME=omnet', 'STACK_API_KEY=$STACK_API_KEY']",['headscale-data:/headscale/data'],
OpenMined/PySyft,latest,/packages/grid/docker-compose.test.yml,tailscale,,,,,['./tls/rootCA.pem:/usr/local/share/ca-certificates/rootCA.pem'],
photoprism/photoprism,latest,/docker-compose.mariadb.yml,mariadb-10-7,mariadb:10.7,,,"{'MYSQL_ROOT_PASSWORD': 'photoprism', 'MYSQL_USER': 'photoprism', 'MYSQL_PASSWORD': 'photoprism', 'MYSQL_DATABASE': 'photoprism'}",['./scripts/sql/mariadb-init.sql:/docker-entrypoint-initdb.d/init.sql'],
photoprism/photoprism,latest,/docker-compose.mariadb.yml,mariadb-10-5-5,mariadb:10.5.5,,,"{'MYSQL_ROOT_PASSWORD': 'photoprism', 'MYSQL_USER': 'photoprism', 'MYSQL_PASSWORD': 'photoprism', 'MYSQL_DATABASE': 'photoprism'}",['./scripts/sql/mariadb-init.sql:/docker-entrypoint-initdb.d/init.sql'],
photoprism/photoprism,latest,/docker-compose.mariadb.yml,mariadb-10-3,mariadb:10.3,,,"{'MYSQL_ROOT_PASSWORD': 'photoprism', 'MYSQL_USER': 'photoprism', 'MYSQL_PASSWORD': 'photoprism', 'MYSQL_DATABASE': 'photoprism'}",['./scripts/sql/mariadb-init.sql:/docker-entrypoint-initdb.d/init.sql'],
photoprism/photoprism,latest,/docker-compose.mariadb.yml,mariadb-10-2,mariadb:10.2,,,"{'MYSQL_ROOT_PASSWORD': 'photoprism', 'MYSQL_USER': 'photoprism', 'MYSQL_PASSWORD': 'photoprism', 'MYSQL_DATABASE': 'photoprism'}",['./scripts/sql/mariadb-init.sql:/docker-entrypoint-initdb.d/init.sql'],
photoprism/photoprism,latest,/docker-compose.mariadb.yml,mariadb-10-1,mariadb:10.1,,,"{'MYSQL_ROOT_PASSWORD': 'photoprism', 'MYSQL_USER': 'photoprism', 'MYSQL_PASSWORD': 'photoprism', 'MYSQL_DATABASE': 'photoprism'}",['./scripts/sql/mariadb-init.sql:/docker-entrypoint-initdb.d/init.sql'],
photoprism/photoprism,latest,/docker-compose.mariadb.yml,mysql,mysql:8,,,"{'MYSQL_ROOT_PASSWORD': 'photoprism', 'MYSQL_USER': 'photoprism', 'MYSQL_PASSWORD': 'photoprism', 'MYSQL_DATABASE': 'photoprism'}",['./scripts/sql/mariadb-init.sql:/docker-entrypoint-initdb.d/init.sql'],
photoprism/photoprism,latest,/docker-compose.ci.yml,photoprism,photoprism/photoprism:develop,,,"{'PHOTOPRISM_SITE_URL': 'http://localhost:2342/', 'PHOTOPRISM_SITE_TITLE': 'PhotoPrism', 'PHOTOPRISM_SITE_CAPTION': 'Browse Your Life', 'PHOTOPRISM_SITE_DESCRIPTION': 'Open-Source Photo Management', 'PHOTOPRISM_SITE_AUTHOR': '@photoprism_app', 'PHOTOPRISM_DEBUG': 'false', 'PHOTOPRISM_READONLY': 'false', 'PHOTOPRISM_PUBLIC': 'true', 'PHOTOPRISM_PID_FILENAME': 'photoprism.pid', 'PHOTOPRISM_LOG_FILENAME': 'photoprism.log', 'PHOTOPRISM_DETACH_SERVER': 'true', 'PHOTOPRISM_HTTP_HOST': '0.0.0.0', 'PHOTOPRISM_HTTP_PORT': 2342, 'PHOTOPRISM_HTTP_COMPRESSION': 'gzip', 'PHOTOPRISM_DATABASE_DRIVER': 'mysql', 'PHOTOPRISM_DATABASE_SERVER': 'mariadb:4001', 'PHOTOPRISM_DATABASE_NAME': 'photoprism', 'PHOTOPRISM_DATABASE_USER': 'root', 'PHOTOPRISM_DATABASE_PASSWORD': 'photoprism', 'PHOTOPRISM_TEST_DRIVER': 'sqlite', 'PHOTOPRISM_TEST_DSN': '.test.db', 'PHOTOPRISM_ADMIN_PASSWORD': 'photoprism', 'PHOTOPRISM_ASSETS_PATH': '/go/src/github.com/photoprism/photoprism/assets', 'PHOTOPRISM_STORAGE_PATH': '/go/src/github.com/photoprism/photoprism/storage', 'PHOTOPRISM_ORIGINALS_PATH': '/go/src/github.com/photoprism/photoprism/storage/originals', 'PHOTOPRISM_IMPORT_PATH': '/go/src/github.com/photoprism/photoprism/storage/import', 'PHOTOPRISM_DISABLE_CHOWN': 'true', 'PHOTOPRISM_DISABLE_BACKUPS': 'false', 'PHOTOPRISM_DISABLE_WEBDAV': 'false', 'PHOTOPRISM_DISABLE_SETTINGS': 'false', 'PHOTOPRISM_DISABLE_PLACES': 'false', 'PHOTOPRISM_DISABLE_EXIFTOOL': 'false', 'PHOTOPRISM_DISABLE_TENSORFLOW': 'false', 'PHOTOPRISM_DETECT_NSFW': 'false', 'PHOTOPRISM_UPLOAD_NSFW': 'false', 'PHOTOPRISM_DARKTABLE_PRESETS': 'false', 'PHOTOPRISM_THUMB_FILTER': 'lanczos', 'PHOTOPRISM_THUMB_UNCACHED': 'true', 'PHOTOPRISM_THUMB_SIZE': 2048, 'PHOTOPRISM_THUMB_SIZE_UNCACHED': 7680, 'PHOTOPRISM_JPEG_SIZE': 7680, 'PHOTOPRISM_JPEG_QUALITY': 92, 'CODECOV_TOKEN': None, 'CODECOV_ENV': None, 'CODECOV_URL': None, 'CODECOV_SLUG': None, 'VCS_COMMIT_ID': None, 'VCS_BRANCH_NAME': None, 'VCS_PULL_REQUEST': None, 'VCS_SLUG': None, 'VCS_TAG': None, 'CI_BUILD_URL': None, 'CI_BUILD_ID': None, 'CI_JOB_ID': None, 'CI': None, 'DRONE': None, 'DRONE_BRANCH': None, 'DRONE_BUILD_ACTION': None, 'DRONE_BUILD_CREATED': None, 'DRONE_BUILD_EVENT': None, 'DRONE_BUILD_FINISHED': None, 'DRONE_BUILD_NUMBER': None, 'DRONE_BUILD_PARENT': None, 'DRONE_BUILD_STARTED': None, 'DRONE_BUILD_STATUS': None, 'DRONE_CALVER': None, 'DRONE_COMMIT': None, 'DRONE_COMMIT_AFTER': None, 'DRONE_COMMIT_AUTHOR': None, 'DRONE_COMMIT_AUTHOR_AVATAR': None, 'DRONE_COMMIT_AUTHOR_EMAIL': None, 'DRONE_COMMIT_AUTHOR_NAME': None, 'DRONE_COMMIT_BEFORE': None, 'DRONE_COMMIT_BRANCH': None, 'DRONE_COMMIT_LINK': None, 'DRONE_COMMIT_MESSAGE': None, 'DRONE_COMMIT_REF': None, 'DRONE_COMMIT_SHA': None, 'DRONE_DEPLOY_TO': None, 'DRONE_FAILED_STAGES': None, 'DRONE_FAILED_STEPS': None, 'DRONE_GIT_HTTP_URL': None, 'DRONE_GIT_SSH_URL': None, 'DRONE_PULL_REQUEST': None, 'DRONE_REMOTE_URL': None, 'DRONE_REPO': None, 'DRONE_REPO_BRANCH': None, 'DRONE_REPO_LINK': None, 'DRONE_REPO_NAME': None, 'DRONE_REPO_NAMESPACE': None, 'DRONE_REPO_OWNER': None, 'DRONE_REPO_PRIVATE': None, 'DRONE_REPO_SCM': None, 'DRONE_REPO_VISIBILITY': None, 'DRONE_SEMVER': None, 'DRONE_SEMVER_BUILD': None, 'DRONE_SEMVER_ERROR': None, 'DRONE_SEMVER_MAJOR': None, 'DRONE_SEMVER_MINOR': None, 'DRONE_SEMVER_PATCH': None, 'DRONE_SEMVER_PRERELEASE': None, 'DRONE_SEMVER_SHORT': None, 'DRONE_SOURCE_BRANCH': None, 'DRONE_STAGE_ARCH': None, 'DRONE_STAGE_DEPENDS_ON': None, 'DRONE_STAGE_FINISHED': None, 'DRONE_STAGE_KIND': None, 'DRONE_STAGE_MACHINE': None, 'DRONE_STAGE_NAME': None, 'DRONE_STAGE_NUMBER': None, 'DRONE_STAGE_OS': None, 'DRONE_STAGE_STARTED': None, 'DRONE_STAGE_STATUS': None, 'DRONE_STAGE_TYPE': None, 'DRONE_STAGE_VARIANT': None, 'DRONE_STEP_NAME': None, 'DRONE_STEP_NUMBER': None, 'DRONE_SYSTEM_HOST': None, 'DRONE_SYSTEM_HOSTNAME': None, 'DRONE_SYSTEM_PROTO': None, 'DRONE_SYSTEM_VERSION': None, 'DRONE_TAG': None, 'DRONE_TARGET_BRANCH': None}","['~/.cache/npm:/root/.cache/npm', '~/.cache/go-mod:/go/pkg/mod']","['mariadb', 'dummy-webdav']"
photoprism/photoprism,latest,/docker-compose.ci.yml,mariadb,mariadb:10.6,,,"{'MYSQL_ROOT_PASSWORD': 'photoprism', 'MYSQL_USER': 'photoprism', 'MYSQL_PASSWORD': 'photoprism', 'MYSQL_DATABASE': 'photoprism'}",['./scripts/sql/mariadb-init.sql:/docker-entrypoint-initdb.d/init.sql'],
photoprism/photoprism,latest,/docker-compose.ci.yml,dummy-webdav,photoprism/dummy-webdav:20211109,,,"{'WEBDAV_USERNAME': 'admin', 'WEBDAV_PASSWORD': 'photoprism'}",,
photoprism/photoprism,latest,/docker-compose.postgres.yml,photoprism,photoprism/photoprism:develop,"['2342:2342', '2343:2343']",,"{'PHOTOPRISM_SITE_URL': 'http://localhost:2342/', 'PHOTOPRISM_SITE_TITLE': 'PhotoPrism', 'PHOTOPRISM_SITE_CAPTION': 'Browse Your Life', 'PHOTOPRISM_SITE_DESCRIPTION': 'Open-Source Photo Management', 'PHOTOPRISM_SITE_AUTHOR': '@photoprism_app', 'PHOTOPRISM_DEBUG': 'true', 'PHOTOPRISM_READONLY': 'false', 'PHOTOPRISM_PUBLIC': 'true', 'PHOTOPRISM_EXPERIMENTAL': 'true', 'PHOTOPRISM_SERVER_MODE': 'debug', 'PHOTOPRISM_HTTP_HOST': '0.0.0.0', 'PHOTOPRISM_HTTP_PORT': 2342, 'PHOTOPRISM_HTTP_COMPRESSION': 'gzip', 'PHOTOPRISM_DATABASE_DRIVER': 'postgres', 'PHOTOPRISM_DATABASE_SERVER': 'postgres:5432', 'PHOTOPRISM_DATABASE_NAME': 'photoprism', 'PHOTOPRISM_DATABASE_USER': 'photoprism', 'PHOTOPRISM_DATABASE_PASSWORD': 'photoprism', 'PHOTOPRISM_TEST_DRIVER': 'sqlite', 'PHOTOPRISM_TEST_DSN': '.test.db', 'PHOTOPRISM_ADMIN_PASSWORD': 'photoprism', 'PHOTOPRISM_ASSETS_PATH': '/go/src/github.com/photoprism/photoprism/assets', 'PHOTOPRISM_STORAGE_PATH': '/go/src/github.com/photoprism/photoprism/storage', 'PHOTOPRISM_ORIGINALS_PATH': '/go/src/github.com/photoprism/photoprism/storage/originals', 'PHOTOPRISM_IMPORT_PATH': '/go/src/github.com/photoprism/photoprism/storage/import', 'PHOTOPRISM_DISABLE_BACKUPS': 'false', 'PHOTOPRISM_DISABLE_WEBDAV': 'false', 'PHOTOPRISM_DISABLE_SETTINGS': 'false', 'PHOTOPRISM_DISABLE_PLACES': 'false', 'PHOTOPRISM_DISABLE_EXIFTOOL': 'false', 'PHOTOPRISM_DISABLE_TENSORFLOW': 'false', 'PHOTOPRISM_DETECT_NSFW': 'false', 'PHOTOPRISM_UPLOAD_NSFW': 'false', 'PHOTOPRISM_DARKTABLE_PRESETS': 'false', 'PHOTOPRISM_THUMB_FILTER': 'lanczos', 'PHOTOPRISM_THUMB_UNCACHED': 'true', 'PHOTOPRISM_THUMB_SIZE': 2048, 'PHOTOPRISM_THUMB_SIZE_UNCACHED': 7680, 'PHOTOPRISM_JPEG_SIZE': 7680, 'PHOTOPRISM_JPEG_QUALITY': 92, 'TF_CPP_MIN_LOG_LEVEL': 0}","['.:/go/src/github.com/photoprism/photoprism', 'go-mod:/go/pkg/mod']","['postgres', 'dummy-webdav']"
photoprism/photoprism,latest,/docker-compose.postgres.yml,postgres,postgres:12-alpine,['5432:5432'],,"{'POSTGRES_DB': 'photoprism', 'POSTGRES_USER': 'photoprism', 'POSTGRES_PASSWORD': 'photoprism'}",,
photoprism/photoprism,latest,/docker-compose.postgres.yml,dummy-webdav,photoprism/dummy-webdav:20211109,,,"{'WEBDAV_USERNAME': 'admin', 'WEBDAV_PASSWORD': 'photoprism'}",,
photoprism/photoprism,latest,/docker-compose.latest.yml,photoprism-latest,photoprism/photoprism:latest,['2344:2342'],,"{'PHOTOPRISM_UID': '${UID:-1000}', 'PHOTOPRISM_GID': '${GID:-1000}', 'PHOTOPRISM_ADMIN_PASSWORD': 'photoprism', 'PHOTOPRISM_SITE_URL': 'https://photoprism-latest.traefik.net/', 'PHOTOPRISM_SITE_TITLE': 'PhotoPrism', 'PHOTOPRISM_SITE_CAPTION': 'Browse Your Life', 'PHOTOPRISM_SITE_DESCRIPTION': 'Open-Source Photo Management', 'PHOTOPRISM_SITE_AUTHOR': '@photoprism_app', 'PHOTOPRISM_DEBUG': 'true', 'PHOTOPRISM_READONLY': 'false', 'PHOTOPRISM_PUBLIC': 'true', 'PHOTOPRISM_EXPERIMENTAL': 'false', 'PHOTOPRISM_SERVER_MODE': 'debug', 'PHOTOPRISM_HTTP_HOST': '0.0.0.0', 'PHOTOPRISM_HTTP_PORT': 2342, 'PHOTOPRISM_HTTP_COMPRESSION': 'gzip', 'PHOTOPRISM_DATABASE_DRIVER': 'mysql', 'PHOTOPRISM_DATABASE_SERVER': 'mariadb:4001', 'PHOTOPRISM_DATABASE_NAME': 'latest', 'PHOTOPRISM_DATABASE_USER': 'root', 'PHOTOPRISM_DATABASE_PASSWORD': 'photoprism', 'PHOTOPRISM_DISABLE_CHOWN': 'false', 'PHOTOPRISM_DISABLE_BACKUPS': 'false', 'PHOTOPRISM_DISABLE_WEBDAV': 'false', 'PHOTOPRISM_DISABLE_SETTINGS': 'false', 'PHOTOPRISM_DISABLE_PLACES': 'false', 'PHOTOPRISM_DISABLE_EXIFTOOL': 'false', 'PHOTOPRISM_DISABLE_TENSORFLOW': 'false', 'PHOTOPRISM_DETECT_NSFW': 'false', 'PHOTOPRISM_UPLOAD_NSFW': 'false', 'PHOTOPRISM_DARKTABLE_PRESETS': 'false', 'PHOTOPRISM_THUMB_FILTER': 'lanczos', 'PHOTOPRISM_THUMB_UNCACHED': 'true', 'PHOTOPRISM_THUMB_SIZE': 2048, 'PHOTOPRISM_THUMB_SIZE_UNCACHED': 7680, 'PHOTOPRISM_JPEG_SIZE': 7680, 'PHOTOPRISM_JPEG_QUALITY': 92, 'TF_CPP_MIN_LOG_LEVEL': 0}","['./storage/latest:/photoprism/storage', './storage/originals:/photoprism/originals']",
photoprism/photoprism,latest,/docker-compose.yml,traefik,photoprism/traefik:20211218,['443:443'],,,['/var/run/docker.sock:/var/run/docker.sock'],
photoprism/photoprism,latest,/docker-compose.yml,photoprism,photoprism/photoprism:develop,"['2342:2342', '2343:2343', '40000:40000']",,"{'GOPROXY': 'https://proxy.golang.org,direct', 'PHOTOPRISM_UID': '${UID:-1000}', 'PHOTOPRISM_GID': '${GID:-1000}', 'PHOTOPRISM_ADMIN_PASSWORD': 'photoprism', 'PHOTOPRISM_SITE_URL': 'https://photoprism.traefik.net/', 'PHOTOPRISM_SITE_TITLE': 'PhotoPrism', 'PHOTOPRISM_SITE_CAPTION': 'Browse Your Life', 'PHOTOPRISM_SITE_DESCRIPTION': 'AI-Powered Photos App. Tags and finds pictures without getting in your way!', 'PHOTOPRISM_SITE_AUTHOR': '@photoprism_app', 'PHOTOPRISM_DEBUG': 'true', 'PHOTOPRISM_READONLY': 'false', 'PHOTOPRISM_PUBLIC': 'true', 'PHOTOPRISM_EXPERIMENTAL': 'true', 'PHOTOPRISM_SERVER_MODE': 'debug', 'PHOTOPRISM_HTTP_HOST': '0.0.0.0', 'PHOTOPRISM_HTTP_PORT': 2342, 'PHOTOPRISM_HTTP_COMPRESSION': 'gzip', 'PHOTOPRISM_DATABASE_DRIVER': 'mysql', 'PHOTOPRISM_DATABASE_SERVER': 'mariadb:4001', 'PHOTOPRISM_DATABASE_NAME': 'photoprism', 'PHOTOPRISM_DATABASE_USER': 'root', 'PHOTOPRISM_DATABASE_PASSWORD': 'photoprism', 'PHOTOPRISM_TEST_DRIVER': 'sqlite', 'PHOTOPRISM_TEST_DSN': '.test.db', 'PHOTOPRISM_ASSETS_PATH': '/go/src/github.com/photoprism/photoprism/assets', 'PHOTOPRISM_STORAGE_PATH': '/go/src/github.com/photoprism/photoprism/storage', 'PHOTOPRISM_ORIGINALS_PATH': '/go/src/github.com/photoprism/photoprism/storage/originals', 'PHOTOPRISM_IMPORT_PATH': '/go/src/github.com/photoprism/photoprism/storage/import', 'PHOTOPRISM_DISABLE_CHOWN': 'false', 'PHOTOPRISM_DISABLE_BACKUPS': 'false', 'PHOTOPRISM_DISABLE_WEBDAV': 'false', 'PHOTOPRISM_DISABLE_SETTINGS': 'false', 'PHOTOPRISM_DISABLE_PLACES': 'false', 'PHOTOPRISM_DISABLE_EXIFTOOL': 'false', 'PHOTOPRISM_DISABLE_TENSORFLOW': 'false', 'PHOTOPRISM_DETECT_NSFW': 'false', 'PHOTOPRISM_UPLOAD_NSFW': 'false', 'PHOTOPRISM_DARKTABLE_PRESETS': 'false', 'PHOTOPRISM_THUMB_FILTER': 'lanczos', 'PHOTOPRISM_THUMB_UNCACHED': 'true', 'PHOTOPRISM_THUMB_SIZE': 2048, 'PHOTOPRISM_THUMB_SIZE_UNCACHED': 7680, 'PHOTOPRISM_JPEG_SIZE': 7680, 'PHOTOPRISM_JPEG_QUALITY': 92, 'TF_CPP_MIN_LOG_LEVEL': 0, 'PHOTOPRISM_OIDC_ISSUER_URL': 'https://keycloak.traefik.net/auth/realms/master', 'PHOTOPRISM_OIDC_CLIENT_ID': 'photoprism-develop', 'PHOTOPRISM_OIDC_CLIENT_SECRET': '9d8351a0-ca01-4556-9c37-85eb634869b9'}","['.:/go/src/github.com/photoprism/photoprism', 'go-mod:/go/pkg/mod']","['mariadb', 'dummy-webdav']"
photoprism/photoprism,latest,/docker-compose.yml,mariadb,mariadb:10.6,['4001:4001'],,"{'MYSQL_ROOT_PASSWORD': 'photoprism', 'MYSQL_USER': 'photoprism', 'MYSQL_PASSWORD': 'photoprism', 'MYSQL_DATABASE': 'photoprism'}",['./scripts/sql/mariadb-init.sql:/docker-entrypoint-initdb.d/init.sql'],
photoprism/photoprism,latest,/docker-compose.yml,keycloak,quay.io/keycloak/keycloak:16.0.0,,,"{'KEYCLOAK_USER': 'admin', 'KEYCLOAK_PASSWORD': 'photoprism', 'KEYCLOAK_FRONTEND_URL': 'https://keycloak.traefik.net/auth', 'DB_VENDOR': 'mariadb', 'DB_PORT': 4001, 'DB_DATABASE': 'keycloak', 'DB_USER': 'keycloak', 'DB_PASSWORD': 'keycloak'}",,
photoprism/photoprism,latest,/docker-compose.yml,dummy-webdav,photoprism/dummy-webdav:20211218,,,"{'WEBDAV_USERNAME': 'admin', 'WEBDAV_PASSWORD': 'photoprism'}",,
photoprism/photoprism,latest,/docker-compose.yml,dummy-oidc,photoprism/dummy-oidc:20211218,,,,,
photoprism/photoprism,latest,/docker/demo/docker-compose.yml,demo,photoprism/demo:latest,,,"{'PHOTOPRISM_SITE_URL': 'https://demo.yourdomain.com/', 'PHOTOPRISM_SITE_TITLE': 'PhotoPrism', 'PHOTOPRISM_SITE_CAPTION': 'Demo', 'PHOTOPRISM_SITE_DESCRIPTION': 'AI-Powered Photos App. Tags and finds pictures without getting in your way!', 'PHOTOPRISM_SITE_PREVIEW': 'https://i.photoprism.app/logo?cover=17&title=Demo', 'PHOTOPRISM_SITE_AUTHOR': 'PhotoPrism', 'PHOTOPRISM_HTTP_COMPRESSION': 'gzip', 'PHOTOPRISM_DEFAULT_LOCALE': 'en'}",['./config:/photoprism/storage/config'],['traefik']
photoprism/photoprism,latest,/docker/demo/docker-compose.yml,traefik,traefik:v2.5,"['80:80', '443:443']",,,"['/var/run/docker.sock:/var/run/docker.sock', './traefik/:/data/', './traefik.yaml:/etc/traefik/traefik.yaml']",
photoprism/photoprism,latest,/docker/demo/docker-compose.yml,scheduler,mcuadros/ofelia:latest,,,,"['/var/run/docker.sock:/var/run/docker.sock:ro', './jobs.ini:/etc/ofelia/config.ini']",
photoprism/photoprism,latest,/docker/demo/docker-compose.yml,watchtower,containrrr/watchtower,,,"{'WATCHTOWER_CLEANUP': 'true', 'WATCHTOWER_POLL_INTERVAL': 1800}",['/var/run/docker.sock:/var/run/docker.sock'],
photoprism/photoprism,latest,/docker/examples/docker-compose.yml,photoprism,photoprism/photoprism:latest,['2342:2342'],,"{'PHOTOPRISM_ADMIN_PASSWORD': 'insecure', 'PHOTOPRISM_SITE_URL': 'http://localhost:2342/', 'PHOTOPRISM_ORIGINALS_LIMIT': 5000, 'PHOTOPRISM_HTTP_COMPRESSION': 'gzip', 'PHOTOPRISM_DEBUG': 'false', 'PHOTOPRISM_PUBLIC': 'false', 'PHOTOPRISM_READONLY': 'false', 'PHOTOPRISM_EXPERIMENTAL': 'false', 'PHOTOPRISM_DISABLE_CHOWN': 'false', 'PHOTOPRISM_DISABLE_WEBDAV': 'false', 'PHOTOPRISM_DISABLE_SETTINGS': 'false', 'PHOTOPRISM_DISABLE_TENSORFLOW': 'false', 'PHOTOPRISM_DISABLE_FACES': 'false', 'PHOTOPRISM_DISABLE_CLASSIFICATION': 'false', 'PHOTOPRISM_DARKTABLE_PRESETS': 'false', 'PHOTOPRISM_DETECT_NSFW': 'false', 'PHOTOPRISM_UPLOAD_NSFW': 'true', 'PHOTOPRISM_DATABASE_DRIVER': 'mysql', 'PHOTOPRISM_DATABASE_SERVER': 'mariadb:3306', 'PHOTOPRISM_DATABASE_NAME': 'photoprism', 'PHOTOPRISM_DATABASE_USER': 'photoprism', 'PHOTOPRISM_DATABASE_PASSWORD': 'insecure', 'PHOTOPRISM_SITE_TITLE': 'PhotoPrism', 'PHOTOPRISM_SITE_CAPTION': 'Browse Your Life', 'PHOTOPRISM_SITE_DESCRIPTION': '', 'PHOTOPRISM_SITE_AUTHOR': '', 'HOME': '/photoprism'}","['~/Pictures:/photoprism/originals', './storage:/photoprism/storage']",['mariadb']
photoprism/photoprism,latest,/docker/examples/docker-compose.yml,mariadb,mariadb:10.6,,,"{'MYSQL_ROOT_PASSWORD': 'insecure', 'MYSQL_DATABASE': 'photoprism', 'MYSQL_USER': 'photoprism', 'MYSQL_PASSWORD': 'insecure'}",['./database:/var/lib/mysql'],
photoprism/photoprism,latest,/docker/examples/macos/docker-compose.yml,photoprism,photoprism/photoprism:latest,['2342:2342'],,"{'PHOTOPRISM_ADMIN_PASSWORD': 'insecure', 'PHOTOPRISM_SITE_URL': 'http://localhost:2342/', 'PHOTOPRISM_ORIGINALS_LIMIT': 5000, 'PHOTOPRISM_HTTP_COMPRESSION': 'gzip', 'PHOTOPRISM_DEBUG': 'false', 'PHOTOPRISM_PUBLIC': 'false', 'PHOTOPRISM_READONLY': 'false', 'PHOTOPRISM_EXPERIMENTAL': 'false', 'PHOTOPRISM_DISABLE_CHOWN': 'false', 'PHOTOPRISM_DISABLE_WEBDAV': 'false', 'PHOTOPRISM_DISABLE_SETTINGS': 'false', 'PHOTOPRISM_DISABLE_TENSORFLOW': 'false', 'PHOTOPRISM_DISABLE_FACES': 'false', 'PHOTOPRISM_DISABLE_CLASSIFICATION': 'false', 'PHOTOPRISM_DARKTABLE_PRESETS': 'false', 'PHOTOPRISM_DETECT_NSFW': 'false', 'PHOTOPRISM_UPLOAD_NSFW': 'true', 'PHOTOPRISM_DATABASE_DRIVER': 'mysql', 'PHOTOPRISM_DATABASE_SERVER': 'mariadb:3306', 'PHOTOPRISM_DATABASE_NAME': 'photoprism', 'PHOTOPRISM_DATABASE_USER': 'photoprism', 'PHOTOPRISM_DATABASE_PASSWORD': 'insecure', 'PHOTOPRISM_SITE_TITLE': 'PhotoPrism', 'PHOTOPRISM_SITE_CAPTION': 'Browse Your Life', 'PHOTOPRISM_SITE_DESCRIPTION': '', 'PHOTOPRISM_SITE_AUTHOR': '', 'HOME': '/photoprism'}","['~/Pictures:/photoprism/originals', './storage:/photoprism/storage']",['mariadb']
photoprism/photoprism,latest,/docker/examples/macos/docker-compose.yml,mariadb,mariadb:10.6,,,"{'MYSQL_ROOT_PASSWORD': 'insecure', 'MYSQL_DATABASE': 'photoprism', 'MYSQL_USER': 'photoprism', 'MYSQL_PASSWORD': 'insecure'}",['database:/var/lib/mysql'],
photoprism/photoprism,latest,/docker/examples/scheduler/docker-compose.yml,photoprism,photoprism/photoprism:latest,['2342:2342'],,"{'PHOTOPRISM_ADMIN_PASSWORD': 'insecure', 'PHOTOPRISM_SITE_URL': 'http://localhost:2342/', 'PHOTOPRISM_ORIGINALS_LIMIT': 5000, 'PHOTOPRISM_HTTP_COMPRESSION': 'gzip', 'PHOTOPRISM_DEBUG': 'false', 'PHOTOPRISM_PUBLIC': 'false', 'PHOTOPRISM_READONLY': 'false', 'PHOTOPRISM_EXPERIMENTAL': 'false', 'PHOTOPRISM_DISABLE_CHOWN': 'false', 'PHOTOPRISM_DISABLE_WEBDAV': 'false', 'PHOTOPRISM_DISABLE_SETTINGS': 'false', 'PHOTOPRISM_DISABLE_TENSORFLOW': 'false', 'PHOTOPRISM_DISABLE_FACES': 'false', 'PHOTOPRISM_DISABLE_CLASSIFICATION': 'false', 'PHOTOPRISM_DARKTABLE_PRESETS': 'false', 'PHOTOPRISM_DETECT_NSFW': 'false', 'PHOTOPRISM_UPLOAD_NSFW': 'true', 'PHOTOPRISM_DATABASE_DRIVER': 'mysql', 'PHOTOPRISM_DATABASE_SERVER': 'mariadb:3306', 'PHOTOPRISM_DATABASE_NAME': 'photoprism', 'PHOTOPRISM_DATABASE_USER': 'photoprism', 'PHOTOPRISM_DATABASE_PASSWORD': 'insecure', 'PHOTOPRISM_SITE_TITLE': 'PhotoPrism', 'PHOTOPRISM_SITE_CAPTION': 'Browse Your Life', 'PHOTOPRISM_SITE_DESCRIPTION': '', 'PHOTOPRISM_SITE_AUTHOR': '', 'HOME': '/photoprism'}","['~/Pictures:/photoprism/originals', './storage:/photoprism/storage']",['mariadb']
photoprism/photoprism,latest,/docker/examples/scheduler/docker-compose.yml,mariadb,mariadb:10.6,,,"{'MYSQL_ROOT_PASSWORD': 'insecure', 'MYSQL_DATABASE': 'photoprism', 'MYSQL_USER': 'photoprism', 'MYSQL_PASSWORD': 'insecure'}",['./database:/var/lib/mysql'],
photoprism/photoprism,latest,/docker/examples/scheduler/docker-compose.yml,ofelia,mcuadros/ofelia:latest,,,,"['/var/run/docker.sock:/var/run/docker.sock:ro', './jobs.ini:/etc/ofelia/config.ini']",
photoprism/photoprism,latest,/docker/examples/armv7/docker-compose.yml,photoprism,photoprism/photoprism:armv7,['2342:2342'],,"{'PHOTOPRISM_ADMIN_PASSWORD': 'insecure', 'PHOTOPRISM_SITE_URL': 'http://localhost:2342/', 'PHOTOPRISM_ORIGINALS_LIMIT': 5000, 'PHOTOPRISM_HTTP_COMPRESSION': 'none', 'PHOTOPRISM_WORKERS': 1, 'PHOTOPRISM_DEBUG': 'false', 'PHOTOPRISM_PUBLIC': 'false', 'PHOTOPRISM_READONLY': 'false', 'PHOTOPRISM_EXPERIMENTAL': 'false', 'PHOTOPRISM_DISABLE_CHOWN': 'false', 'PHOTOPRISM_DISABLE_WEBDAV': 'false', 'PHOTOPRISM_DISABLE_SETTINGS': 'false', 'PHOTOPRISM_DISABLE_TENSORFLOW': 'false', 'PHOTOPRISM_DISABLE_FACES': 'false', 'PHOTOPRISM_DISABLE_CLASSIFICATION': 'false', 'PHOTOPRISM_DETECT_NSFW': 'false', 'PHOTOPRISM_UPLOAD_NSFW': 'true', 'PHOTOPRISM_DATABASE_DRIVER': 'mysql', 'PHOTOPRISM_DATABASE_SERVER': 'mariadb:3306', 'PHOTOPRISM_DATABASE_NAME': 'photoprism', 'PHOTOPRISM_DATABASE_USER': 'photoprism', 'PHOTOPRISM_DATABASE_PASSWORD': 'insecure', 'PHOTOPRISM_SITE_TITLE': 'PhotoPrism', 'PHOTOPRISM_SITE_CAPTION': 'Browse Your Life', 'PHOTOPRISM_SITE_DESCRIPTION': '', 'PHOTOPRISM_SITE_AUTHOR': '', 'HOME': '/photoprism'}","['~/Pictures:/photoprism/originals', './storage:/photoprism/storage']",['mariadb']
photoprism/photoprism,latest,/docker/examples/armv7/docker-compose.yml,mariadb,linuxserver/mariadb:latest,,,"{'MYSQL_ROOT_PASSWORD': 'insecure', 'MYSQL_DATABASE': 'photoprism', 'MYSQL_USER': 'photoprism', 'MYSQL_PASSWORD': 'insecure'}",['./mariadb:/config'],
photoprism/photoprism,latest,/docker/examples/sqlite/docker-compose.yml,photoprism,photoprism/photoprism:latest,['2342:2342'],,"{'PHOTOPRISM_ADMIN_PASSWORD': 'insecure', 'PHOTOPRISM_SITE_URL': 'http://localhost:2342/', 'PHOTOPRISM_ORIGINALS_LIMIT': 5000, 'PHOTOPRISM_HTTP_COMPRESSION': 'gzip', 'PHOTOPRISM_DEBUG': 'false', 'PHOTOPRISM_PUBLIC': 'false', 'PHOTOPRISM_READONLY': 'false', 'PHOTOPRISM_EXPERIMENTAL': 'false', 'PHOTOPRISM_DISABLE_CHOWN': 'false', 'PHOTOPRISM_DISABLE_WEBDAV': 'false', 'PHOTOPRISM_DISABLE_SETTINGS': 'false', 'PHOTOPRISM_DISABLE_TENSORFLOW': 'false', 'PHOTOPRISM_DISABLE_FACES': 'false', 'PHOTOPRISM_DISABLE_CLASSIFICATION': 'false', 'PHOTOPRISM_DARKTABLE_PRESETS': 'true', 'PHOTOPRISM_DETECT_NSFW': 'false', 'PHOTOPRISM_UPLOAD_NSFW': 'true', 'PHOTOPRISM_DATABASE_DRIVER': 'sqlite', 'PHOTOPRISM_SITE_TITLE': 'PhotoPrism', 'PHOTOPRISM_SITE_CAPTION': 'Browse Your Life', 'PHOTOPRISM_SITE_DESCRIPTION': '', 'PHOTOPRISM_SITE_AUTHOR': '', 'HOME': '/photoprism'}","['~/Pictures:/photoprism/originals', './storage:/photoprism/storage']",
photoprism/photoprism,latest,/docker/examples/cloud/docker-compose.yml,photoprism,photoprism/photoprism:latest,,,"{'PHOTOPRISM_SITE_URL': 'https://_public_ip_/', 'PHOTOPRISM_SITE_TITLE': 'PhotoPrism', 'PHOTOPRISM_SITE_CAPTION': 'Browse Your Life', 'PHOTOPRISM_SITE_DESCRIPTION': '', 'PHOTOPRISM_SITE_AUTHOR': '', 'PHOTOPRISM_ADMIN_PASSWORD': '_admin_password_', 'PHOTOPRISM_ORIGINALS_LIMIT': 5000, 'PHOTOPRISM_HTTP_COMPRESSION': 'gzip', 'PHOTOPRISM_DEBUG': 'false', 'PHOTOPRISM_PUBLIC': 'false', 'PHOTOPRISM_READONLY': 'false', 'PHOTOPRISM_EXPERIMENTAL': 'false', 'PHOTOPRISM_DISABLE_CHOWN': 'false', 'PHOTOPRISM_DISABLE_WEBDAV': 'false', 'PHOTOPRISM_DISABLE_SETTINGS': 'false', 'PHOTOPRISM_DISABLE_TENSORFLOW': 'false', 'PHOTOPRISM_DISABLE_FACES': 'false', 'PHOTOPRISM_DISABLE_CLASSIFICATION': 'false', 'PHOTOPRISM_DARKTABLE_PRESETS': 'false', 'PHOTOPRISM_DETECT_NSFW': 'false', 'PHOTOPRISM_UPLOAD_NSFW': 'true', 'PHOTOPRISM_DATABASE_DRIVER': 'mysql', 'PHOTOPRISM_DATABASE_SERVER': 'mariadb:3306', 'PHOTOPRISM_DATABASE_NAME': 'photoprism', 'PHOTOPRISM_DATABASE_USER': 'photoprism', 'PHOTOPRISM_DATABASE_PASSWORD': '_admin_password_', 'PHOTOPRISM_INIT': 'tensorflow-amd64-avx2', 'HOME': '/photoprism'}","['./originals:/photoprism/originals', './import:/photoprism/import', './storage:/photoprism/storage', './backup:/var/lib/photoprism']",['mariadb']
photoprism/photoprism,latest,/docker/examples/cloud/docker-compose.yml,traefik,traefik:v2.5,"['80:80', '443:443']",,,"['/var/run/docker.sock:/var/run/docker.sock', './traefik/:/data/', './traefik.yaml:/etc/traefik/traefik.yaml', './certs/:/certs/']",
photoprism/photoprism,latest,/docker/examples/cloud/docker-compose.yml,mariadb,mariadb:10.6,,,"{'MYSQL_ROOT_PASSWORD': '_admin_password_', 'MYSQL_DATABASE': 'photoprism', 'MYSQL_USER': 'photoprism', 'MYSQL_PASSWORD': '_admin_password_'}",['./database:/var/lib/mysql'],
photoprism/photoprism,latest,/docker/examples/cloud/docker-compose.yml,ofelia,mcuadros/ofelia:latest,,,,"['/var/run/docker.sock:/var/run/docker.sock:ro', './jobs.ini:/etc/ofelia/config.ini']",
photoprism/photoprism,latest,/docker/examples/cloud/docker-compose.yml,watchtower,containrrr/watchtower,,,"{'WATCHTOWER_CLEANUP': 'true', 'WATCHTOWER_POLL_INTERVAL': 86400}",['/var/run/docker.sock:/var/run/docker.sock'],
photoprism/photoprism,latest,/docker/examples/windows/docker-compose.yml,photoprism,photoprism/photoprism:latest,['2342:2342'],,"{'PHOTOPRISM_ADMIN_PASSWORD': 'insecure', 'PHOTOPRISM_SITE_URL': 'http://localhost:2342/', 'PHOTOPRISM_ORIGINALS_LIMIT': 5000, 'PHOTOPRISM_HTTP_COMPRESSION': 'gzip', 'PHOTOPRISM_DEBUG': 'false', 'PHOTOPRISM_PUBLIC': 'false', 'PHOTOPRISM_READONLY': 'false', 'PHOTOPRISM_EXPERIMENTAL': 'false', 'PHOTOPRISM_DISABLE_CHOWN': 'false', 'PHOTOPRISM_DISABLE_WEBDAV': 'false', 'PHOTOPRISM_DISABLE_SETTINGS': 'false', 'PHOTOPRISM_DISABLE_TENSORFLOW': 'false', 'PHOTOPRISM_DISABLE_FACES': 'false', 'PHOTOPRISM_DISABLE_CLASSIFICATION': 'false', 'PHOTOPRISM_DARKTABLE_PRESETS': 'false', 'PHOTOPRISM_DETECT_NSFW': 'false', 'PHOTOPRISM_UPLOAD_NSFW': 'true', 'PHOTOPRISM_DATABASE_DRIVER': 'mysql', 'PHOTOPRISM_DATABASE_SERVER': 'mariadb:3306', 'PHOTOPRISM_DATABASE_NAME': 'photoprism', 'PHOTOPRISM_DATABASE_USER': 'photoprism', 'PHOTOPRISM_DATABASE_PASSWORD': 'insecure', 'PHOTOPRISM_SITE_TITLE': 'PhotoPrism', 'PHOTOPRISM_SITE_CAPTION': 'Browse Your Life', 'PHOTOPRISM_SITE_DESCRIPTION': '', 'PHOTOPRISM_SITE_AUTHOR': '', 'HOME': '/photoprism'}","['~/Pictures:/photoprism/originals', './storage:/photoprism/storage']",['mariadb']
photoprism/photoprism,latest,/docker/examples/windows/docker-compose.yml,mariadb,mariadb:10.6,,,"{'MYSQL_ROOT_PASSWORD': 'insecure', 'MYSQL_DATABASE': 'photoprism', 'MYSQL_USER': 'photoprism', 'MYSQL_PASSWORD': 'insecure'}",['database:/var/lib/mysql'],
photoprism/photoprism,latest,/docker/examples/arm64/docker-compose.yml,photoprism,photoprism/photoprism:latest,['2342:2342'],,"{'PHOTOPRISM_ADMIN_PASSWORD': 'insecure', 'PHOTOPRISM_SITE_URL': 'http://localhost:2342/', 'PHOTOPRISM_ORIGINALS_LIMIT': 5000, 'PHOTOPRISM_HTTP_COMPRESSION': 'none', 'PHOTOPRISM_WORKERS': 2, 'PHOTOPRISM_DEBUG': 'false', 'PHOTOPRISM_PUBLIC': 'false', 'PHOTOPRISM_READONLY': 'false', 'PHOTOPRISM_EXPERIMENTAL': 'false', 'PHOTOPRISM_DISABLE_CHOWN': 'false', 'PHOTOPRISM_DISABLE_WEBDAV': 'false', 'PHOTOPRISM_DISABLE_SETTINGS': 'false', 'PHOTOPRISM_DISABLE_TENSORFLOW': 'false', 'PHOTOPRISM_DISABLE_FACES': 'false', 'PHOTOPRISM_DISABLE_CLASSIFICATION': 'false', 'PHOTOPRISM_DARKTABLE_PRESETS': 'true', 'PHOTOPRISM_DETECT_NSFW': 'false', 'PHOTOPRISM_UPLOAD_NSFW': 'true', 'PHOTOPRISM_DATABASE_DRIVER': 'mysql', 'PHOTOPRISM_DATABASE_SERVER': 'mariadb:3306', 'PHOTOPRISM_DATABASE_NAME': 'photoprism', 'PHOTOPRISM_DATABASE_USER': 'photoprism', 'PHOTOPRISM_DATABASE_PASSWORD': 'insecure', 'PHOTOPRISM_SITE_TITLE': 'PhotoPrism', 'PHOTOPRISM_SITE_CAPTION': 'Browse Your Life', 'PHOTOPRISM_SITE_DESCRIPTION': '', 'PHOTOPRISM_SITE_AUTHOR': '', 'HOME': '/photoprism'}","['~/Pictures:/photoprism/originals', './storage:/photoprism/storage']",['mariadb']
photoprism/photoprism,latest,/docker/examples/arm64/docker-compose.yml,mariadb,arm64v8/mariadb:10.6,,,"{'MYSQL_ROOT_PASSWORD': 'insecure', 'MYSQL_DATABASE': 'photoprism', 'MYSQL_USER': 'photoprism', 'MYSQL_PASSWORD': 'insecure'}",['./database:/var/lib/mysql'],
photoprism/photoprism,latest,/docker/ddns/docker-compose.yml,ddns,photoprism/ddns:latest,,,,['./config:/config'],
deepset-ai/FARM,latest,/docker-compose.yml,inference-api,deepset/farm-inference-api:base-models-0.4.2,['5000:5000'],,,['./saved_models:/home/user/saved_models'],
deepset-ai/FARM,latest,/docker-compose.yml,inference-ui,deepset/farm-inference-ui:latest,['3000:80'],,,,
LBNL-UCB-STI/beam,latest,/metrics/docker-compose.yml,grafana_graphite,kamon/grafana_graphite,"['80:80', '81:81', '8125:8125/udp', '8126:8126', '2003:2003']",,,"['./data/whisper:/opt/graphite/storage/whisper', './data/grafana:/opt/grafana/data', './log/graphite:/opt/graphite/storage/log', './log/supervisor:/var/log/supervisor']",
LBNL-UCB-STI/beam,latest,/metrics2.0/docker-compose.yml,influxdb-grafana,philhawthorne/docker-influxdb-grafana:latest,"['3003:3003', '3004:8083', '8086:8086']",,"['GF_SECURITY_ADMIN_USER=${ADMIN_USER:-root}', 'GF_SECURITY_ADMIN_PASSWORD=${ADMIN_PASSWORD:-root}', 'GF_USERS_ALLOW_SIGN_UP=false', 'GF_AUTH_ANONYMOUS_ENABLED=true', 'GF_AUTH_ANONYMOUS_ORG_NAME=Main Org.', 'GF_AUTH_ANONYMOUS_ORG_ROLE=Editor']","['./grafana/plugins:/var/lib/grafana/plugins', './grafana/datasources:/etc/grafana/datasources', './grafana/dashboards:/etc/grafana/dashboards', './influxdb/snapshot:/var/lib/influxdb/snapshot', './setup.sh:/setup.sh']",
jguwekarest/jguwekarest,latest,/docker-compose.yml,mongo,mongo,,,,,
jguwekarest/jguwekarest,latest,/docker-compose.yml,jguweka,jguweka/jguweka:OAS3,['8081:8080'],,,,['mongo']
z1pti3/jimi,latest,/.devcontainer/docker-compose.yml,app,,,,,['..:/workspace:cached'],
z1pti3/jimi,latest,/.devcontainer/docker-compose.yml,db,mongo:latest,,,,['mongodb-data:/data/db'],
norkator/open-intelligence,latest,/docker-compose.yml_tpl,open-intelligence-app-py,,,,,['./:/app'],
norkator/open-intelligence,latest,/docker-compose.yml_tpl,open-intelligence-insight-face-py,,,,,['./:/app'],
norkator/open-intelligence,latest,/docker-compose.yml_tpl,open-intelligence-super-resolution-py,,,,,['./:/app'],
norkator/open-intelligence,latest,/docker-compose.yml_tpl,open-intelligence-similarity-process-py,,,,,['./:/app'],
norkator/open-intelligence,latest,/docker-compose.yml_tpl,open-intelligence-front,,"['4300:4300', '3000:3000']",,"['REACT_APP_API_BASE_URL=http://<your-server-ip-address>:4300/', 'NODE_ENV=development', 'LOGGING=true', 'API_PORT=4300', 'DB_DIALECT=postgres', 'DB_USER=your-postgresql-server-user', 'DB_HOST=your-postgresql-server-address', 'DB_DATABASE=intelligence', 'DB_PASSWORD=your-postgresql-server-password', 'DB_PORT=5432', 'SEQ_LOGGING=false', 'DATE_TIME_FORMAT=YYYY-MM-DD HH:mm', 'ALLOW_ACCESS_ORIGIN_ALL=true', 'EMAIL_ENABLED=False', 'EMAIL_HOST=smtp-mail.somemail.com', 'EMAIL_PORT=587', 'EMAIL_USER=', 'EMAIL_PASSWORD=', 'EMAIL_TO_ADDRESS=address1@address.com,address2@addres.com']",['./config.ini:/usr/src/config.ini'],['open-intelligence-app-py']
farm-ng/tractor,latest,/docker/docker-compose.yml,ipc_logger,farmng/base:latest,,,['BLOBSTORE_ROOT=/blobstore'],['${BLOBSTORE_ROOT:?err}:/blobstore'],
farm-ng/tractor,latest,/docker/docker-compose.yml,programd,farmng/base:latest,,,['BLOBSTORE_ROOT=/blobstore'],['${BLOBSTORE_ROOT:?err}:/blobstore'],
farm-ng/tractor,latest,/docker/docker-compose.yml,webservices,farmng/base:latest,,,"['BLOBSTORE_ROOT=/blobstore', 'PORT=8989']",['${BLOBSTORE_ROOT:?err}:/blobstore'],
farm-ng/tractor,latest,/docker/devel/docker-compose.yml,workspace,,,,['BLOBSTORE_ROOT=/blobstore'],"['../../.devel_home:/home/${USER}', '${BLOBSTORE_ROOT}:/blobstore', '../..:/workspace/tractor']",
farm-ng/tractor,latest,/modules/core/tests/docker-compose.ipc_publisher_test.yml,test_runner,,,,,,
farm-ng/tractor,latest,/modules/core/tests/docker-compose.yml,ipc_logger,farmng/base:${TAG:?err},,,['BLOBSTORE_ROOT=/blobstore'],['${BLOBSTORE_ROOT:?err}:/blobstore'],
farm-ng/tractor,latest,/modules/core/tests/docker-compose.yml,test_runner,farmng/base:${TAG:?err},,,['BLOBSTORE_ROOT=/blobstore'],['${BLOBSTORE_ROOT:?err}:/blobstore'],
